State,State Name,Region,Release Period,Measure ID,Bottom-box Percentage,Middle-box Percentage,Top-box Percentage,Facility ID,Completed Surveys,Response Rate (%)
AK,Alaska,Pacific,2015-07-01,H_CLEAN_HSP,8.0,22.0,70.0,20001,300,24
AK,Alaska,Pacific,2015-07-01,H_COMP_1,9.0,17.0,74.0,20001,300,24
AK,Alaska,Pacific,2015-07-01,H_COMP_2,10.0,15.0,75.0,20001,300,24
AK,Alaska,Pacific,2015-07-01,H_COMP_3,11.0,21.0,68.0,20001,300,24
AK,Alaska,Pacific,2015-07-01,H_COMP_5,19.0,17.0,64.0,20001,300,24
AK,Alaska,Pacific,2015-07-01,H_COMP_6,15.0,0.0,85.0,20001,300,24
AK,Alaska,Pacific,2015-07-01,H_COMP_7,8.0,43.0,49.0,20001,300,24
AK,Alaska,Pacific,2015-07-01,H_HSP_RATING,13.0,22.0,65.0,20001,300,24
AK,Alaska,Pacific,2015-07-01,H_QUIET_HSP,8.0,34.0,58.0,20001,300,24
AK,Alaska,Pacific,2015-07-01,H_RECMND,7.0,23.0,70.0,20001,300,24
AK,Alaska,Pacific,2015-07-01,H_CLEAN_HSP,8.0,22.0,70.0,20006,300,34
AK,Alaska,Pacific,2015-07-01,H_COMP_1,9.0,17.0,74.0,20006,300,34
AK,Alaska,Pacific,2015-07-01,H_COMP_2,10.0,15.0,75.0,20006,300,34
AK,Alaska,Pacific,2015-07-01,H_COMP_3,11.0,21.0,68.0,20006,300,34
AK,Alaska,Pacific,2015-07-01,H_COMP_5,19.0,17.0,64.0,20006,300,34
AK,Alaska,Pacific,2015-07-01,H_COMP_6,15.0,0.0,85.0,20006,300,34
AK,Alaska,Pacific,2015-07-01,H_COMP_7,8.0,43.0,49.0,20006,300,34
AK,Alaska,Pacific,2015-07-01,H_HSP_RATING,13.0,22.0,65.0,20006,300,34
AK,Alaska,Pacific,2015-07-01,H_QUIET_HSP,8.0,34.0,58.0,20006,300,34
AK,Alaska,Pacific,2015-07-01,H_RECMND,7.0,23.0,70.0,20006,300,34
AK,Alaska,Pacific,2015-07-01,H_CLEAN_HSP,8.0,22.0,70.0,20008,250,26
AK,Alaska,Pacific,2015-07-01,H_COMP_1,9.0,17.0,74.0,20008,250,26
AK,Alaska,Pacific,2015-07-01,H_COMP_2,10.0,15.0,75.0,20008,250,26
AK,Alaska,Pacific,2015-07-01,H_COMP_3,11.0,21.0,68.0,20008,250,26
AK,Alaska,Pacific,2015-07-01,H_COMP_5,19.0,17.0,64.0,20008,250,26
AK,Alaska,Pacific,2015-07-01,H_COMP_6,15.0,0.0,85.0,20008,250,26
AK,Alaska,Pacific,2015-07-01,H_COMP_7,8.0,43.0,49.0,20008,250,26
AK,Alaska,Pacific,2015-07-01,H_HSP_RATING,13.0,22.0,65.0,20008,250,26
AK,Alaska,Pacific,2015-07-01,H_QUIET_HSP,8.0,34.0,58.0,20008,250,26
AK,Alaska,Pacific,2015-07-01,H_RECMND,7.0,23.0,70.0,20008,250,26
AK,Alaska,Pacific,2015-07-01,H_CLEAN_HSP,8.0,22.0,70.0,20012,300,28
AK,Alaska,Pacific,2015-07-01,H_COMP_1,9.0,17.0,74.0,20012,300,28
AK,Alaska,Pacific,2015-07-01,H_COMP_2,10.0,15.0,75.0,20012,300,28
AK,Alaska,Pacific,2015-07-01,H_COMP_3,11.0,21.0,68.0,20012,300,28
AK,Alaska,Pacific,2015-07-01,H_COMP_5,19.0,17.0,64.0,20012,300,28
AK,Alaska,Pacific,2015-07-01,H_COMP_6,15.0,0.0,85.0,20012,300,28
AK,Alaska,Pacific,2015-07-01,H_COMP_7,8.0,43.0,49.0,20012,300,28
AK,Alaska,Pacific,2015-07-01,H_HSP_RATING,13.0,22.0,65.0,20012,300,28
AK,Alaska,Pacific,2015-07-01,H_QUIET_HSP,8.0,34.0,58.0,20012,300,28
AK,Alaska,Pacific,2015-07-01,H_RECMND,7.0,23.0,70.0,20012,300,28
AK,Alaska,Pacific,2015-07-01,H_CLEAN_HSP,8.0,22.0,70.0,20017,300,40
AK,Alaska,Pacific,2015-07-01,H_COMP_1,9.0,17.0,74.0,20017,300,40
AK,Alaska,Pacific,2015-07-01,H_COMP_2,10.0,15.0,75.0,20017,300,40
AK,Alaska,Pacific,2015-07-01,H_COMP_3,11.0,21.0,68.0,20017,300,40
AK,Alaska,Pacific,2015-07-01,H_COMP_5,19.0,17.0,64.0,20017,300,40
AK,Alaska,Pacific,2015-07-01,H_COMP_6,15.0,0.0,85.0,20017,300,40
AK,Alaska,Pacific,2015-07-01,H_COMP_7,8.0,43.0,49.0,20017,300,40
AK,Alaska,Pacific,2015-07-01,H_HSP_RATING,13.0,22.0,65.0,20017,300,40
AK,Alaska,Pacific,2015-07-01,H_QUIET_HSP,8.0,34.0,58.0,20017,300,40
AK,Alaska,Pacific,2015-07-01,H_RECMND,7.0,23.0,70.0,20017,300,40
AK,Alaska,Pacific,2015-07-01,H_CLEAN_HSP,8.0,22.0,70.0,20018,250,12
AK,Alaska,Pacific,2015-07-01,H_COMP_1,9.0,17.0,74.0,20018,250,12
AK,Alaska,Pacific,2015-07-01,H_COMP_2,10.0,15.0,75.0,20018,250,12
AK,Alaska,Pacific,2015-07-01,H_COMP_3,11.0,21.0,68.0,20018,250,12
AK,Alaska,Pacific,2015-07-01,H_COMP_5,19.0,17.0,64.0,20018,250,12
AK,Alaska,Pacific,2015-07-01,H_COMP_6,15.0,0.0,85.0,20018,250,12
AK,Alaska,Pacific,2015-07-01,H_COMP_7,8.0,43.0,49.0,20018,250,12
AK,Alaska,Pacific,2015-07-01,H_HSP_RATING,13.0,22.0,65.0,20018,250,12
AK,Alaska,Pacific,2015-07-01,H_QUIET_HSP,8.0,34.0,58.0,20018,250,12
AK,Alaska,Pacific,2015-07-01,H_RECMND,7.0,23.0,70.0,20018,250,12
AK,Alaska,Pacific,2015-07-01,H_CLEAN_HSP,8.0,22.0,70.0,20024,300,25
AK,Alaska,Pacific,2015-07-01,H_COMP_1,9.0,17.0,74.0,20024,300,25
AK,Alaska,Pacific,2015-07-01,H_COMP_2,10.0,15.0,75.0,20024,300,25
AK,Alaska,Pacific,2015-07-01,H_COMP_3,11.0,21.0,68.0,20024,300,25
AK,Alaska,Pacific,2015-07-01,H_COMP_5,19.0,17.0,64.0,20024,300,25
AK,Alaska,Pacific,2015-07-01,H_COMP_6,15.0,0.0,85.0,20024,300,25
AK,Alaska,Pacific,2015-07-01,H_COMP_7,8.0,43.0,49.0,20024,300,25
AK,Alaska,Pacific,2015-07-01,H_HSP_RATING,13.0,22.0,65.0,20024,300,25
AK,Alaska,Pacific,2015-07-01,H_QUIET_HSP,8.0,34.0,58.0,20024,300,25
AK,Alaska,Pacific,2015-07-01,H_RECMND,7.0,23.0,70.0,20024,300,25
AK,Alaska,Pacific,2015-07-01,H_CLEAN_HSP,8.0,22.0,70.0,20026,300,37
AK,Alaska,Pacific,2015-07-01,H_COMP_1,9.0,17.0,74.0,20026,300,37
AK,Alaska,Pacific,2015-07-01,H_COMP_2,10.0,15.0,75.0,20026,300,37
AK,Alaska,Pacific,2015-07-01,H_COMP_3,11.0,21.0,68.0,20026,300,37
AK,Alaska,Pacific,2015-07-01,H_COMP_5,19.0,17.0,64.0,20026,300,37
AK,Alaska,Pacific,2015-07-01,H_COMP_6,15.0,0.0,85.0,20026,300,37
AK,Alaska,Pacific,2015-07-01,H_COMP_7,8.0,43.0,49.0,20026,300,37
AK,Alaska,Pacific,2015-07-01,H_HSP_RATING,13.0,22.0,65.0,20026,300,37
AK,Alaska,Pacific,2015-07-01,H_QUIET_HSP,8.0,34.0,58.0,20026,300,37
AK,Alaska,Pacific,2015-07-01,H_RECMND,7.0,23.0,70.0,20026,300,37
AK,Alaska,Pacific,2015-07-01,H_CLEAN_HSP,8.0,22.0,70.0,20027,50,23
AK,Alaska,Pacific,2015-07-01,H_COMP_1,9.0,17.0,74.0,20027,50,23
AK,Alaska,Pacific,2015-07-01,H_COMP_2,10.0,15.0,75.0,20027,50,23
AK,Alaska,Pacific,2015-07-01,H_COMP_3,11.0,21.0,68.0,20027,50,23
AK,Alaska,Pacific,2015-07-01,H_COMP_5,19.0,17.0,64.0,20027,50,23
AK,Alaska,Pacific,2015-07-01,H_COMP_6,15.0,0.0,85.0,20027,50,23
AK,Alaska,Pacific,2015-07-01,H_COMP_7,8.0,43.0,49.0,20027,50,23
AK,Alaska,Pacific,2015-07-01,H_HSP_RATING,13.0,22.0,65.0,20027,50,23
AK,Alaska,Pacific,2015-07-01,H_QUIET_HSP,8.0,34.0,58.0,20027,50,23
AK,Alaska,Pacific,2015-07-01,H_RECMND,7.0,23.0,70.0,20027,50,23
AK,Alaska,Pacific,2015-07-01,H_CLEAN_HSP,8.0,22.0,70.0,21304,50,19
AK,Alaska,Pacific,2015-07-01,H_COMP_1,9.0,17.0,74.0,21304,50,19
AK,Alaska,Pacific,2015-07-01,H_COMP_2,10.0,15.0,75.0,21304,50,19
AK,Alaska,Pacific,2015-07-01,H_COMP_3,11.0,21.0,68.0,21304,50,19
AK,Alaska,Pacific,2015-07-01,H_COMP_5,19.0,17.0,64.0,21304,50,19
AK,Alaska,Pacific,2015-07-01,H_COMP_6,15.0,0.0,85.0,21304,50,19
AK,Alaska,Pacific,2015-07-01,H_COMP_7,8.0,43.0,49.0,21304,50,19
AK,Alaska,Pacific,2015-07-01,H_HSP_RATING,13.0,22.0,65.0,21304,50,19
AK,Alaska,Pacific,2015-07-01,H_QUIET_HSP,8.0,34.0,58.0,21304,50,19
AK,Alaska,Pacific,2015-07-01,H_RECMND,7.0,23.0,70.0,21304,50,19
AK,Alaska,Pacific,2015-07-01,H_CLEAN_HSP,8.0,22.0,70.0,21305,50,27
AK,Alaska,Pacific,2015-07-01,H_COMP_1,9.0,17.0,74.0,21305,50,27
AK,Alaska,Pacific,2015-07-01,H_COMP_2,10.0,15.0,75.0,21305,50,27
AK,Alaska,Pacific,2015-07-01,H_COMP_3,11.0,21.0,68.0,21305,50,27
AK,Alaska,Pacific,2015-07-01,H_COMP_5,19.0,17.0,64.0,21305,50,27
AK,Alaska,Pacific,2015-07-01,H_COMP_6,15.0,0.0,85.0,21305,50,27
AK,Alaska,Pacific,2015-07-01,H_COMP_7,8.0,43.0,49.0,21305,50,27
AK,Alaska,Pacific,2015-07-01,H_HSP_RATING,13.0,22.0,65.0,21305,50,27
AK,Alaska,Pacific,2015-07-01,H_QUIET_HSP,8.0,34.0,58.0,21305,50,27
AK,Alaska,Pacific,2015-07-01,H_RECMND,7.0,23.0,70.0,21305,50,27
AK,Alaska,Pacific,2015-07-01,H_CLEAN_HSP,8.0,22.0,70.0,21306,250,22
AK,Alaska,Pacific,2015-07-01,H_COMP_1,9.0,17.0,74.0,21306,250,22
AK,Alaska,Pacific,2015-07-01,H_COMP_2,10.0,15.0,75.0,21306,250,22
AK,Alaska,Pacific,2015-07-01,H_COMP_3,11.0,21.0,68.0,21306,250,22
AK,Alaska,Pacific,2015-07-01,H_COMP_5,19.0,17.0,64.0,21306,250,22
AK,Alaska,Pacific,2015-07-01,H_COMP_6,15.0,0.0,85.0,21306,250,22
AK,Alaska,Pacific,2015-07-01,H_COMP_7,8.0,43.0,49.0,21306,250,22
AK,Alaska,Pacific,2015-07-01,H_HSP_RATING,13.0,22.0,65.0,21306,250,22
AK,Alaska,Pacific,2015-07-01,H_QUIET_HSP,8.0,34.0,58.0,21306,250,22
AK,Alaska,Pacific,2015-07-01,H_RECMND,7.0,23.0,70.0,21306,250,22
AK,Alaska,Pacific,2015-07-01,H_CLEAN_HSP,8.0,22.0,70.0,21307,50,15
AK,Alaska,Pacific,2015-07-01,H_COMP_1,9.0,17.0,74.0,21307,50,15
AK,Alaska,Pacific,2015-07-01,H_COMP_2,10.0,15.0,75.0,21307,50,15
AK,Alaska,Pacific,2015-07-01,H_COMP_3,11.0,21.0,68.0,21307,50,15
AK,Alaska,Pacific,2015-07-01,H_COMP_5,19.0,17.0,64.0,21307,50,15
AK,Alaska,Pacific,2015-07-01,H_COMP_6,15.0,0.0,85.0,21307,50,15
AK,Alaska,Pacific,2015-07-01,H_COMP_7,8.0,43.0,49.0,21307,50,15
AK,Alaska,Pacific,2015-07-01,H_HSP_RATING,13.0,22.0,65.0,21307,50,15
AK,Alaska,Pacific,2015-07-01,H_QUIET_HSP,8.0,34.0,58.0,21307,50,15
AK,Alaska,Pacific,2015-07-01,H_RECMND,7.0,23.0,70.0,21307,50,15
AK,Alaska,Pacific,2015-07-01,H_CLEAN_HSP,8.0,22.0,70.0,21311,250,23
AK,Alaska,Pacific,2015-07-01,H_COMP_1,9.0,17.0,74.0,21311,250,23
AK,Alaska,Pacific,2015-07-01,H_COMP_2,10.0,15.0,75.0,21311,250,23
AK,Alaska,Pacific,2015-07-01,H_COMP_3,11.0,21.0,68.0,21311,250,23
AK,Alaska,Pacific,2015-07-01,H_COMP_5,19.0,17.0,64.0,21311,250,23
AK,Alaska,Pacific,2015-07-01,H_COMP_6,15.0,0.0,85.0,21311,250,23
AK,Alaska,Pacific,2015-07-01,H_COMP_7,8.0,43.0,49.0,21311,250,23
AK,Alaska,Pacific,2015-07-01,H_HSP_RATING,13.0,22.0,65.0,21311,250,23
AK,Alaska,Pacific,2015-07-01,H_QUIET_HSP,8.0,34.0,58.0,21311,250,23
AK,Alaska,Pacific,2015-07-01,H_RECMND,7.0,23.0,70.0,21311,250,23
AK,Alaska,Pacific,2015-07-01,H_CLEAN_HSP,8.0,22.0,70.0,21312,50,13
AK,Alaska,Pacific,2015-07-01,H_COMP_1,9.0,17.0,74.0,21312,50,13
AK,Alaska,Pacific,2015-07-01,H_COMP_2,10.0,15.0,75.0,21312,50,13
AK,Alaska,Pacific,2015-07-01,H_COMP_3,11.0,21.0,68.0,21312,50,13
AK,Alaska,Pacific,2015-07-01,H_COMP_5,19.0,17.0,64.0,21312,50,13
AK,Alaska,Pacific,2015-07-01,H_COMP_6,15.0,0.0,85.0,21312,50,13
AK,Alaska,Pacific,2015-07-01,H_COMP_7,8.0,43.0,49.0,21312,50,13
AK,Alaska,Pacific,2015-07-01,H_HSP_RATING,13.0,22.0,65.0,21312,50,13
AK,Alaska,Pacific,2015-07-01,H_QUIET_HSP,8.0,34.0,58.0,21312,50,13
AK,Alaska,Pacific,2015-07-01,H_RECMND,7.0,23.0,70.0,21312,50,13
AK,Alaska,Pacific,2015-07-01,H_CLEAN_HSP,8.0,22.0,70.0,21313,250,34
AK,Alaska,Pacific,2015-07-01,H_COMP_1,9.0,17.0,74.0,21313,250,34
AK,Alaska,Pacific,2015-07-01,H_COMP_2,10.0,15.0,75.0,21313,250,34
AK,Alaska,Pacific,2015-07-01,H_COMP_3,11.0,21.0,68.0,21313,250,34
AK,Alaska,Pacific,2015-07-01,H_COMP_5,19.0,17.0,64.0,21313,250,34
AK,Alaska,Pacific,2015-07-01,H_COMP_6,15.0,0.0,85.0,21313,250,34
AK,Alaska,Pacific,2015-07-01,H_COMP_7,8.0,43.0,49.0,21313,250,34
AK,Alaska,Pacific,2015-07-01,H_HSP_RATING,13.0,22.0,65.0,21313,250,34
AK,Alaska,Pacific,2015-07-01,H_QUIET_HSP,8.0,34.0,58.0,21313,250,34
AK,Alaska,Pacific,2015-07-01,H_RECMND,7.0,23.0,70.0,21313,250,34
AK,Alaska,Pacific,2016-07-01,H_CLEAN_HSP,7.0,21.0,72.0,20001,2005,22
AK,Alaska,Pacific,2016-07-01,H_COMP_1,4.0,18.0,78.0,20001,2005,22
AK,Alaska,Pacific,2016-07-01,H_COMP_2,3.0,15.0,82.0,20001,2005,22
AK,Alaska,Pacific,2016-07-01,H_COMP_3,6.0,21.0,73.0,20001,2005,22
AK,Alaska,Pacific,2016-07-01,H_COMP_5,14.0,23.0,63.0,20001,2005,22
AK,Alaska,Pacific,2016-07-01,H_COMP_6,9.0,0.0,91.0,20001,2005,22
AK,Alaska,Pacific,2016-07-01,H_COMP_7,5.0,43.0,52.0,20001,2005,22
AK,Alaska,Pacific,2016-07-01,H_HSP_RATING,7.0,24.0,69.0,20001,2005,22
AK,Alaska,Pacific,2016-07-01,H_QUIET_HSP,8.0,34.0,58.0,20001,2005,22
AK,Alaska,Pacific,2016-07-01,H_RECMND,4.0,27.0,69.0,20001,2005,22
AK,Alaska,Pacific,2016-07-01,H_CLEAN_HSP,7.0,21.0,72.0,20006,648,33
AK,Alaska,Pacific,2016-07-01,H_COMP_1,4.0,18.0,78.0,20006,648,33
AK,Alaska,Pacific,2016-07-01,H_COMP_2,3.0,15.0,82.0,20006,648,33
AK,Alaska,Pacific,2016-07-01,H_COMP_3,6.0,21.0,73.0,20006,648,33
AK,Alaska,Pacific,2016-07-01,H_COMP_5,14.0,23.0,63.0,20006,648,33
AK,Alaska,Pacific,2016-07-01,H_COMP_6,9.0,0.0,91.0,20006,648,33
AK,Alaska,Pacific,2016-07-01,H_COMP_7,5.0,43.0,52.0,20006,648,33
AK,Alaska,Pacific,2016-07-01,H_HSP_RATING,7.0,24.0,69.0,20006,648,33
AK,Alaska,Pacific,2016-07-01,H_QUIET_HSP,8.0,34.0,58.0,20006,648,33
AK,Alaska,Pacific,2016-07-01,H_RECMND,4.0,27.0,69.0,20006,648,33
AK,Alaska,Pacific,2016-07-01,H_CLEAN_HSP,7.0,21.0,72.0,20008,223,21
AK,Alaska,Pacific,2016-07-01,H_COMP_1,4.0,18.0,78.0,20008,223,21
AK,Alaska,Pacific,2016-07-01,H_COMP_2,3.0,15.0,82.0,20008,223,21
AK,Alaska,Pacific,2016-07-01,H_COMP_3,6.0,21.0,73.0,20008,223,21
AK,Alaska,Pacific,2016-07-01,H_COMP_5,14.0,23.0,63.0,20008,223,21
AK,Alaska,Pacific,2016-07-01,H_COMP_6,9.0,0.0,91.0,20008,223,21
AK,Alaska,Pacific,2016-07-01,H_COMP_7,5.0,43.0,52.0,20008,223,21
AK,Alaska,Pacific,2016-07-01,H_HSP_RATING,7.0,24.0,69.0,20008,223,21
AK,Alaska,Pacific,2016-07-01,H_QUIET_HSP,8.0,34.0,58.0,20008,223,21
AK,Alaska,Pacific,2016-07-01,H_RECMND,4.0,27.0,69.0,20008,223,21
AK,Alaska,Pacific,2016-07-01,H_CLEAN_HSP,7.0,21.0,72.0,20012,922,31
AK,Alaska,Pacific,2016-07-01,H_COMP_1,4.0,18.0,78.0,20012,922,31
AK,Alaska,Pacific,2016-07-01,H_COMP_2,3.0,15.0,82.0,20012,922,31
AK,Alaska,Pacific,2016-07-01,H_COMP_3,6.0,21.0,73.0,20012,922,31
AK,Alaska,Pacific,2016-07-01,H_COMP_5,14.0,23.0,63.0,20012,922,31
AK,Alaska,Pacific,2016-07-01,H_COMP_6,9.0,0.0,91.0,20012,922,31
AK,Alaska,Pacific,2016-07-01,H_COMP_7,5.0,43.0,52.0,20012,922,31
AK,Alaska,Pacific,2016-07-01,H_HSP_RATING,7.0,24.0,69.0,20012,922,31
AK,Alaska,Pacific,2016-07-01,H_QUIET_HSP,8.0,34.0,58.0,20012,922,31
AK,Alaska,Pacific,2016-07-01,H_RECMND,4.0,27.0,69.0,20012,922,31
AK,Alaska,Pacific,2016-07-01,H_CLEAN_HSP,7.0,21.0,72.0,20017,1260,32
AK,Alaska,Pacific,2016-07-01,H_COMP_1,4.0,18.0,78.0,20017,1260,32
AK,Alaska,Pacific,2016-07-01,H_COMP_2,3.0,15.0,82.0,20017,1260,32
AK,Alaska,Pacific,2016-07-01,H_COMP_3,6.0,21.0,73.0,20017,1260,32
AK,Alaska,Pacific,2016-07-01,H_COMP_5,14.0,23.0,63.0,20017,1260,32
AK,Alaska,Pacific,2016-07-01,H_COMP_6,9.0,0.0,91.0,20017,1260,32
AK,Alaska,Pacific,2016-07-01,H_COMP_7,5.0,43.0,52.0,20017,1260,32
AK,Alaska,Pacific,2016-07-01,H_HSP_RATING,7.0,24.0,69.0,20017,1260,32
AK,Alaska,Pacific,2016-07-01,H_QUIET_HSP,8.0,34.0,58.0,20017,1260,32
AK,Alaska,Pacific,2016-07-01,H_RECMND,4.0,27.0,69.0,20017,1260,32
AK,Alaska,Pacific,2016-07-01,H_CLEAN_HSP,7.0,21.0,72.0,20018,288,32
AK,Alaska,Pacific,2016-07-01,H_COMP_1,4.0,18.0,78.0,20018,288,32
AK,Alaska,Pacific,2016-07-01,H_COMP_2,3.0,15.0,82.0,20018,288,32
AK,Alaska,Pacific,2016-07-01,H_COMP_3,6.0,21.0,73.0,20018,288,32
AK,Alaska,Pacific,2016-07-01,H_COMP_5,14.0,23.0,63.0,20018,288,32
AK,Alaska,Pacific,2016-07-01,H_COMP_6,9.0,0.0,91.0,20018,288,32
AK,Alaska,Pacific,2016-07-01,H_COMP_7,5.0,43.0,52.0,20018,288,32
AK,Alaska,Pacific,2016-07-01,H_HSP_RATING,7.0,24.0,69.0,20018,288,32
AK,Alaska,Pacific,2016-07-01,H_QUIET_HSP,8.0,34.0,58.0,20018,288,32
AK,Alaska,Pacific,2016-07-01,H_RECMND,4.0,27.0,69.0,20018,288,32
AK,Alaska,Pacific,2016-07-01,H_CLEAN_HSP,7.0,21.0,72.0,20024,501,25
AK,Alaska,Pacific,2016-07-01,H_COMP_1,4.0,18.0,78.0,20024,501,25
AK,Alaska,Pacific,2016-07-01,H_COMP_2,3.0,15.0,82.0,20024,501,25
AK,Alaska,Pacific,2016-07-01,H_COMP_3,6.0,21.0,73.0,20024,501,25
AK,Alaska,Pacific,2016-07-01,H_COMP_5,14.0,23.0,63.0,20024,501,25
AK,Alaska,Pacific,2016-07-01,H_COMP_6,9.0,0.0,91.0,20024,501,25
AK,Alaska,Pacific,2016-07-01,H_COMP_7,5.0,43.0,52.0,20024,501,25
AK,Alaska,Pacific,2016-07-01,H_HSP_RATING,7.0,24.0,69.0,20024,501,25
AK,Alaska,Pacific,2016-07-01,H_QUIET_HSP,8.0,34.0,58.0,20024,501,25
AK,Alaska,Pacific,2016-07-01,H_RECMND,4.0,27.0,69.0,20024,501,25
AK,Alaska,Pacific,2016-07-01,H_CLEAN_HSP,7.0,21.0,72.0,20026,1417,28
AK,Alaska,Pacific,2016-07-01,H_COMP_1,4.0,18.0,78.0,20026,1417,28
AK,Alaska,Pacific,2016-07-01,H_COMP_2,3.0,15.0,82.0,20026,1417,28
AK,Alaska,Pacific,2016-07-01,H_COMP_3,6.0,21.0,73.0,20026,1417,28
AK,Alaska,Pacific,2016-07-01,H_COMP_5,14.0,23.0,63.0,20026,1417,28
AK,Alaska,Pacific,2016-07-01,H_COMP_6,9.0,0.0,91.0,20026,1417,28
AK,Alaska,Pacific,2016-07-01,H_COMP_7,5.0,43.0,52.0,20026,1417,28
AK,Alaska,Pacific,2016-07-01,H_HSP_RATING,7.0,24.0,69.0,20026,1417,28
AK,Alaska,Pacific,2016-07-01,H_QUIET_HSP,8.0,34.0,58.0,20026,1417,28
AK,Alaska,Pacific,2016-07-01,H_RECMND,4.0,27.0,69.0,20026,1417,28
AK,Alaska,Pacific,2016-07-01,H_CLEAN_HSP,7.0,21.0,72.0,21304,25,30
AK,Alaska,Pacific,2016-07-01,H_COMP_1,4.0,18.0,78.0,21304,25,30
AK,Alaska,Pacific,2016-07-01,H_COMP_2,3.0,15.0,82.0,21304,25,30
AK,Alaska,Pacific,2016-07-01,H_COMP_3,6.0,21.0,73.0,21304,25,30
AK,Alaska,Pacific,2016-07-01,H_COMP_5,14.0,23.0,63.0,21304,25,30
AK,Alaska,Pacific,2016-07-01,H_COMP_6,9.0,0.0,91.0,21304,25,30
AK,Alaska,Pacific,2016-07-01,H_COMP_7,5.0,43.0,52.0,21304,25,30
AK,Alaska,Pacific,2016-07-01,H_HSP_RATING,7.0,24.0,69.0,21304,25,30
AK,Alaska,Pacific,2016-07-01,H_QUIET_HSP,8.0,34.0,58.0,21304,25,30
AK,Alaska,Pacific,2016-07-01,H_RECMND,4.0,27.0,69.0,21304,25,30
AK,Alaska,Pacific,2016-07-01,H_CLEAN_HSP,7.0,21.0,72.0,21305,25,23
AK,Alaska,Pacific,2016-07-01,H_COMP_1,4.0,18.0,78.0,21305,25,23
AK,Alaska,Pacific,2016-07-01,H_COMP_2,3.0,15.0,82.0,21305,25,23
AK,Alaska,Pacific,2016-07-01,H_COMP_3,6.0,21.0,73.0,21305,25,23
AK,Alaska,Pacific,2016-07-01,H_COMP_5,14.0,23.0,63.0,21305,25,23
AK,Alaska,Pacific,2016-07-01,H_COMP_6,9.0,0.0,91.0,21305,25,23
AK,Alaska,Pacific,2016-07-01,H_COMP_7,5.0,43.0,52.0,21305,25,23
AK,Alaska,Pacific,2016-07-01,H_HSP_RATING,7.0,24.0,69.0,21305,25,23
AK,Alaska,Pacific,2016-07-01,H_QUIET_HSP,8.0,34.0,58.0,21305,25,23
AK,Alaska,Pacific,2016-07-01,H_RECMND,4.0,27.0,69.0,21305,25,23
AK,Alaska,Pacific,2016-07-01,H_CLEAN_HSP,7.0,21.0,72.0,21306,106,22
AK,Alaska,Pacific,2016-07-01,H_COMP_1,4.0,18.0,78.0,21306,106,22
AK,Alaska,Pacific,2016-07-01,H_COMP_2,3.0,15.0,82.0,21306,106,22
AK,Alaska,Pacific,2016-07-01,H_COMP_3,6.0,21.0,73.0,21306,106,22
AK,Alaska,Pacific,2016-07-01,H_COMP_5,14.0,23.0,63.0,21306,106,22
AK,Alaska,Pacific,2016-07-01,H_COMP_6,9.0,0.0,91.0,21306,106,22
AK,Alaska,Pacific,2016-07-01,H_COMP_7,5.0,43.0,52.0,21306,106,22
AK,Alaska,Pacific,2016-07-01,H_HSP_RATING,7.0,24.0,69.0,21306,106,22
AK,Alaska,Pacific,2016-07-01,H_QUIET_HSP,8.0,34.0,58.0,21306,106,22
AK,Alaska,Pacific,2016-07-01,H_RECMND,4.0,27.0,69.0,21306,106,22
AK,Alaska,Pacific,2016-07-01,H_CLEAN_HSP,7.0,21.0,72.0,21307,25,13
AK,Alaska,Pacific,2016-07-01,H_COMP_1,4.0,18.0,78.0,21307,25,13
AK,Alaska,Pacific,2016-07-01,H_COMP_2,3.0,15.0,82.0,21307,25,13
AK,Alaska,Pacific,2016-07-01,H_COMP_3,6.0,21.0,73.0,21307,25,13
AK,Alaska,Pacific,2016-07-01,H_COMP_5,14.0,23.0,63.0,21307,25,13
AK,Alaska,Pacific,2016-07-01,H_COMP_6,9.0,0.0,91.0,21307,25,13
AK,Alaska,Pacific,2016-07-01,H_COMP_7,5.0,43.0,52.0,21307,25,13
AK,Alaska,Pacific,2016-07-01,H_HSP_RATING,7.0,24.0,69.0,21307,25,13
AK,Alaska,Pacific,2016-07-01,H_QUIET_HSP,8.0,34.0,58.0,21307,25,13
AK,Alaska,Pacific,2016-07-01,H_RECMND,4.0,27.0,69.0,21307,25,13
AK,Alaska,Pacific,2016-07-01,H_CLEAN_HSP,7.0,21.0,72.0,21308,64,21
AK,Alaska,Pacific,2016-07-01,H_COMP_1,4.0,18.0,78.0,21308,64,21
AK,Alaska,Pacific,2016-07-01,H_COMP_2,3.0,15.0,82.0,21308,64,21
AK,Alaska,Pacific,2016-07-01,H_COMP_3,6.0,21.0,73.0,21308,64,21
AK,Alaska,Pacific,2016-07-01,H_COMP_5,14.0,23.0,63.0,21308,64,21
AK,Alaska,Pacific,2016-07-01,H_COMP_6,9.0,0.0,91.0,21308,64,21
AK,Alaska,Pacific,2016-07-01,H_COMP_7,5.0,43.0,52.0,21308,64,21
AK,Alaska,Pacific,2016-07-01,H_HSP_RATING,7.0,24.0,69.0,21308,64,21
AK,Alaska,Pacific,2016-07-01,H_QUIET_HSP,8.0,34.0,58.0,21308,64,21
AK,Alaska,Pacific,2016-07-01,H_RECMND,4.0,27.0,69.0,21308,64,21
AK,Alaska,Pacific,2016-07-01,H_CLEAN_HSP,7.0,21.0,72.0,21311,143,20
AK,Alaska,Pacific,2016-07-01,H_COMP_1,4.0,18.0,78.0,21311,143,20
AK,Alaska,Pacific,2016-07-01,H_COMP_2,3.0,15.0,82.0,21311,143,20
AK,Alaska,Pacific,2016-07-01,H_COMP_3,6.0,21.0,73.0,21311,143,20
AK,Alaska,Pacific,2016-07-01,H_COMP_5,14.0,23.0,63.0,21311,143,20
AK,Alaska,Pacific,2016-07-01,H_COMP_6,9.0,0.0,91.0,21311,143,20
AK,Alaska,Pacific,2016-07-01,H_COMP_7,5.0,43.0,52.0,21311,143,20
AK,Alaska,Pacific,2016-07-01,H_HSP_RATING,7.0,24.0,69.0,21311,143,20
AK,Alaska,Pacific,2016-07-01,H_QUIET_HSP,8.0,34.0,58.0,21311,143,20
AK,Alaska,Pacific,2016-07-01,H_RECMND,4.0,27.0,69.0,21311,143,20
AK,Alaska,Pacific,2016-07-01,H_CLEAN_HSP,7.0,21.0,72.0,21313,218,36
AK,Alaska,Pacific,2016-07-01,H_COMP_1,4.0,18.0,78.0,21313,218,36
AK,Alaska,Pacific,2016-07-01,H_COMP_2,3.0,15.0,82.0,21313,218,36
AK,Alaska,Pacific,2016-07-01,H_COMP_3,6.0,21.0,73.0,21313,218,36
AK,Alaska,Pacific,2016-07-01,H_COMP_5,14.0,23.0,63.0,21313,218,36
AK,Alaska,Pacific,2016-07-01,H_COMP_6,9.0,0.0,91.0,21313,218,36
AK,Alaska,Pacific,2016-07-01,H_COMP_7,5.0,43.0,52.0,21313,218,36
AK,Alaska,Pacific,2016-07-01,H_HSP_RATING,7.0,24.0,69.0,21313,218,36
AK,Alaska,Pacific,2016-07-01,H_QUIET_HSP,8.0,34.0,58.0,21313,218,36
AK,Alaska,Pacific,2016-07-01,H_RECMND,4.0,27.0,69.0,21313,218,36
AK,Alaska,Pacific,2017-07-01,H_CLEAN_HSP,8.0,20.0,72.0,20001,1905,21
AK,Alaska,Pacific,2017-07-01,H_COMP_1,3.0,21.0,76.0,20001,1905,21
AK,Alaska,Pacific,2017-07-01,H_COMP_2,4.0,16.0,80.0,20001,1905,21
AK,Alaska,Pacific,2017-07-01,H_COMP_3,7.0,23.0,70.0,20001,1905,21
AK,Alaska,Pacific,2017-07-01,H_COMP_5,15.0,20.0,65.0,20001,1905,21
AK,Alaska,Pacific,2017-07-01,H_COMP_6,14.0,0.0,86.0,20001,1905,21
AK,Alaska,Pacific,2017-07-01,H_COMP_7,5.0,46.0,49.0,20001,1905,21
AK,Alaska,Pacific,2017-07-01,H_HSP_RATING,6.0,27.0,67.0,20001,1905,21
AK,Alaska,Pacific,2017-07-01,H_QUIET_HSP,10.0,32.0,58.0,20001,1905,21
AK,Alaska,Pacific,2017-07-01,H_RECMND,4.0,27.0,69.0,20001,1905,21
AK,Alaska,Pacific,2017-07-01,H_CLEAN_HSP,8.0,20.0,72.0,20006,624,33
AK,Alaska,Pacific,2017-07-01,H_COMP_1,3.0,21.0,76.0,20006,624,33
AK,Alaska,Pacific,2017-07-01,H_COMP_2,4.0,16.0,80.0,20006,624,33
AK,Alaska,Pacific,2017-07-01,H_COMP_3,7.0,23.0,70.0,20006,624,33
AK,Alaska,Pacific,2017-07-01,H_COMP_5,15.0,20.0,65.0,20006,624,33
AK,Alaska,Pacific,2017-07-01,H_COMP_6,14.0,0.0,86.0,20006,624,33
AK,Alaska,Pacific,2017-07-01,H_COMP_7,5.0,46.0,49.0,20006,624,33
AK,Alaska,Pacific,2017-07-01,H_HSP_RATING,6.0,27.0,67.0,20006,624,33
AK,Alaska,Pacific,2017-07-01,H_QUIET_HSP,10.0,32.0,58.0,20006,624,33
AK,Alaska,Pacific,2017-07-01,H_RECMND,4.0,27.0,69.0,20006,624,33
AK,Alaska,Pacific,2017-07-01,H_CLEAN_HSP,8.0,20.0,72.0,20008,216,22
AK,Alaska,Pacific,2017-07-01,H_COMP_1,3.0,21.0,76.0,20008,216,22
AK,Alaska,Pacific,2017-07-01,H_COMP_2,4.0,16.0,80.0,20008,216,22
AK,Alaska,Pacific,2017-07-01,H_COMP_3,7.0,23.0,70.0,20008,216,22
AK,Alaska,Pacific,2017-07-01,H_COMP_5,15.0,20.0,65.0,20008,216,22
AK,Alaska,Pacific,2017-07-01,H_COMP_6,14.0,0.0,86.0,20008,216,22
AK,Alaska,Pacific,2017-07-01,H_COMP_7,5.0,46.0,49.0,20008,216,22
AK,Alaska,Pacific,2017-07-01,H_HSP_RATING,6.0,27.0,67.0,20008,216,22
AK,Alaska,Pacific,2017-07-01,H_QUIET_HSP,10.0,32.0,58.0,20008,216,22
AK,Alaska,Pacific,2017-07-01,H_RECMND,4.0,27.0,69.0,20008,216,22
AK,Alaska,Pacific,2017-07-01,H_CLEAN_HSP,8.0,20.0,72.0,20012,614,21
AK,Alaska,Pacific,2017-07-01,H_COMP_1,3.0,21.0,76.0,20012,614,21
AK,Alaska,Pacific,2017-07-01,H_COMP_2,4.0,16.0,80.0,20012,614,21
AK,Alaska,Pacific,2017-07-01,H_COMP_3,7.0,23.0,70.0,20012,614,21
AK,Alaska,Pacific,2017-07-01,H_COMP_5,15.0,20.0,65.0,20012,614,21
AK,Alaska,Pacific,2017-07-01,H_COMP_6,14.0,0.0,86.0,20012,614,21
AK,Alaska,Pacific,2017-07-01,H_COMP_7,5.0,46.0,49.0,20012,614,21
AK,Alaska,Pacific,2017-07-01,H_HSP_RATING,6.0,27.0,67.0,20012,614,21
AK,Alaska,Pacific,2017-07-01,H_QUIET_HSP,10.0,32.0,58.0,20012,614,21
AK,Alaska,Pacific,2017-07-01,H_RECMND,4.0,27.0,69.0,20012,614,21
AK,Alaska,Pacific,2017-07-01,H_CLEAN_HSP,8.0,20.0,72.0,20017,907,18
AK,Alaska,Pacific,2017-07-01,H_COMP_1,3.0,21.0,76.0,20017,907,18
AK,Alaska,Pacific,2017-07-01,H_COMP_2,4.0,16.0,80.0,20017,907,18
AK,Alaska,Pacific,2017-07-01,H_COMP_3,7.0,23.0,70.0,20017,907,18
AK,Alaska,Pacific,2017-07-01,H_COMP_5,15.0,20.0,65.0,20017,907,18
AK,Alaska,Pacific,2017-07-01,H_COMP_6,14.0,0.0,86.0,20017,907,18
AK,Alaska,Pacific,2017-07-01,H_COMP_7,5.0,46.0,49.0,20017,907,18
AK,Alaska,Pacific,2017-07-01,H_HSP_RATING,6.0,27.0,67.0,20017,907,18
AK,Alaska,Pacific,2017-07-01,H_QUIET_HSP,10.0,32.0,58.0,20017,907,18
AK,Alaska,Pacific,2017-07-01,H_RECMND,4.0,27.0,69.0,20017,907,18
AK,Alaska,Pacific,2017-07-01,H_CLEAN_HSP,8.0,20.0,72.0,20018,250,27
AK,Alaska,Pacific,2017-07-01,H_COMP_1,3.0,21.0,76.0,20018,250,27
AK,Alaska,Pacific,2017-07-01,H_COMP_2,4.0,16.0,80.0,20018,250,27
AK,Alaska,Pacific,2017-07-01,H_COMP_3,7.0,23.0,70.0,20018,250,27
AK,Alaska,Pacific,2017-07-01,H_COMP_5,15.0,20.0,65.0,20018,250,27
AK,Alaska,Pacific,2017-07-01,H_COMP_6,14.0,0.0,86.0,20018,250,27
AK,Alaska,Pacific,2017-07-01,H_COMP_7,5.0,46.0,49.0,20018,250,27
AK,Alaska,Pacific,2017-07-01,H_HSP_RATING,6.0,27.0,67.0,20018,250,27
AK,Alaska,Pacific,2017-07-01,H_QUIET_HSP,10.0,32.0,58.0,20018,250,27
AK,Alaska,Pacific,2017-07-01,H_RECMND,4.0,27.0,69.0,20018,250,27
AK,Alaska,Pacific,2017-07-01,H_CLEAN_HSP,8.0,20.0,72.0,20024,318,17
AK,Alaska,Pacific,2017-07-01,H_COMP_1,3.0,21.0,76.0,20024,318,17
AK,Alaska,Pacific,2017-07-01,H_COMP_2,4.0,16.0,80.0,20024,318,17
AK,Alaska,Pacific,2017-07-01,H_COMP_3,7.0,23.0,70.0,20024,318,17
AK,Alaska,Pacific,2017-07-01,H_COMP_5,15.0,20.0,65.0,20024,318,17
AK,Alaska,Pacific,2017-07-01,H_COMP_6,14.0,0.0,86.0,20024,318,17
AK,Alaska,Pacific,2017-07-01,H_COMP_7,5.0,46.0,49.0,20024,318,17
AK,Alaska,Pacific,2017-07-01,H_HSP_RATING,6.0,27.0,67.0,20024,318,17
AK,Alaska,Pacific,2017-07-01,H_QUIET_HSP,10.0,32.0,58.0,20024,318,17
AK,Alaska,Pacific,2017-07-01,H_RECMND,4.0,27.0,69.0,20024,318,17
AK,Alaska,Pacific,2017-07-01,H_CLEAN_HSP,8.0,20.0,72.0,20026,902,16
AK,Alaska,Pacific,2017-07-01,H_COMP_1,3.0,21.0,76.0,20026,902,16
AK,Alaska,Pacific,2017-07-01,H_COMP_2,4.0,16.0,80.0,20026,902,16
AK,Alaska,Pacific,2017-07-01,H_COMP_3,7.0,23.0,70.0,20026,902,16
AK,Alaska,Pacific,2017-07-01,H_COMP_5,15.0,20.0,65.0,20026,902,16
AK,Alaska,Pacific,2017-07-01,H_COMP_6,14.0,0.0,86.0,20026,902,16
AK,Alaska,Pacific,2017-07-01,H_COMP_7,5.0,46.0,49.0,20026,902,16
AK,Alaska,Pacific,2017-07-01,H_HSP_RATING,6.0,27.0,67.0,20026,902,16
AK,Alaska,Pacific,2017-07-01,H_QUIET_HSP,10.0,32.0,58.0,20026,902,16
AK,Alaska,Pacific,2017-07-01,H_RECMND,4.0,27.0,69.0,20026,902,16
AK,Alaska,Pacific,2017-07-01,H_CLEAN_HSP,8.0,20.0,72.0,21303,25,30
AK,Alaska,Pacific,2017-07-01,H_COMP_1,3.0,21.0,76.0,21303,25,30
AK,Alaska,Pacific,2017-07-01,H_COMP_2,4.0,16.0,80.0,21303,25,30
AK,Alaska,Pacific,2017-07-01,H_COMP_3,7.0,23.0,70.0,21303,25,30
AK,Alaska,Pacific,2017-07-01,H_COMP_5,15.0,20.0,65.0,21303,25,30
AK,Alaska,Pacific,2017-07-01,H_COMP_6,14.0,0.0,86.0,21303,25,30
AK,Alaska,Pacific,2017-07-01,H_COMP_7,5.0,46.0,49.0,21303,25,30
AK,Alaska,Pacific,2017-07-01,H_HSP_RATING,6.0,27.0,67.0,21303,25,30
AK,Alaska,Pacific,2017-07-01,H_QUIET_HSP,10.0,32.0,58.0,21303,25,30
AK,Alaska,Pacific,2017-07-01,H_RECMND,4.0,27.0,69.0,21303,25,30
AK,Alaska,Pacific,2017-07-01,H_CLEAN_HSP,8.0,20.0,72.0,21306,92,19
AK,Alaska,Pacific,2017-07-01,H_COMP_1,3.0,21.0,76.0,21306,92,19
AK,Alaska,Pacific,2017-07-01,H_COMP_2,4.0,16.0,80.0,21306,92,19
AK,Alaska,Pacific,2017-07-01,H_COMP_3,7.0,23.0,70.0,21306,92,19
AK,Alaska,Pacific,2017-07-01,H_COMP_5,15.0,20.0,65.0,21306,92,19
AK,Alaska,Pacific,2017-07-01,H_COMP_6,14.0,0.0,86.0,21306,92,19
AK,Alaska,Pacific,2017-07-01,H_COMP_7,5.0,46.0,49.0,21306,92,19
AK,Alaska,Pacific,2017-07-01,H_HSP_RATING,6.0,27.0,67.0,21306,92,19
AK,Alaska,Pacific,2017-07-01,H_QUIET_HSP,10.0,32.0,58.0,21306,92,19
AK,Alaska,Pacific,2017-07-01,H_RECMND,4.0,27.0,69.0,21306,92,19
AK,Alaska,Pacific,2017-07-01,H_CLEAN_HSP,8.0,20.0,72.0,21308,57,20
AK,Alaska,Pacific,2017-07-01,H_COMP_1,3.0,21.0,76.0,21308,57,20
AK,Alaska,Pacific,2017-07-01,H_COMP_2,4.0,16.0,80.0,21308,57,20
AK,Alaska,Pacific,2017-07-01,H_COMP_3,7.0,23.0,70.0,21308,57,20
AK,Alaska,Pacific,2017-07-01,H_COMP_5,15.0,20.0,65.0,21308,57,20
AK,Alaska,Pacific,2017-07-01,H_COMP_6,14.0,0.0,86.0,21308,57,20
AK,Alaska,Pacific,2017-07-01,H_COMP_7,5.0,46.0,49.0,21308,57,20
AK,Alaska,Pacific,2017-07-01,H_HSP_RATING,6.0,27.0,67.0,21308,57,20
AK,Alaska,Pacific,2017-07-01,H_QUIET_HSP,10.0,32.0,58.0,21308,57,20
AK,Alaska,Pacific,2017-07-01,H_RECMND,4.0,27.0,69.0,21308,57,20
AK,Alaska,Pacific,2017-07-01,H_CLEAN_HSP,8.0,20.0,72.0,21311,120,16
AK,Alaska,Pacific,2017-07-01,H_COMP_1,3.0,21.0,76.0,21311,120,16
AK,Alaska,Pacific,2017-07-01,H_COMP_2,4.0,16.0,80.0,21311,120,16
AK,Alaska,Pacific,2017-07-01,H_COMP_3,7.0,23.0,70.0,21311,120,16
AK,Alaska,Pacific,2017-07-01,H_COMP_5,15.0,20.0,65.0,21311,120,16
AK,Alaska,Pacific,2017-07-01,H_COMP_6,14.0,0.0,86.0,21311,120,16
AK,Alaska,Pacific,2017-07-01,H_COMP_7,5.0,46.0,49.0,21311,120,16
AK,Alaska,Pacific,2017-07-01,H_HSP_RATING,6.0,27.0,67.0,21311,120,16
AK,Alaska,Pacific,2017-07-01,H_QUIET_HSP,10.0,32.0,58.0,21311,120,16
AK,Alaska,Pacific,2017-07-01,H_RECMND,4.0,27.0,69.0,21311,120,16
AK,Alaska,Pacific,2017-07-01,H_CLEAN_HSP,8.0,20.0,72.0,21313,178,32
AK,Alaska,Pacific,2017-07-01,H_COMP_1,3.0,21.0,76.0,21313,178,32
AK,Alaska,Pacific,2017-07-01,H_COMP_2,4.0,16.0,80.0,21313,178,32
AK,Alaska,Pacific,2017-07-01,H_COMP_3,7.0,23.0,70.0,21313,178,32
AK,Alaska,Pacific,2017-07-01,H_COMP_5,15.0,20.0,65.0,21313,178,32
AK,Alaska,Pacific,2017-07-01,H_COMP_6,14.0,0.0,86.0,21313,178,32
AK,Alaska,Pacific,2017-07-01,H_COMP_7,5.0,46.0,49.0,21313,178,32
AK,Alaska,Pacific,2017-07-01,H_HSP_RATING,6.0,27.0,67.0,21313,178,32
AK,Alaska,Pacific,2017-07-01,H_QUIET_HSP,10.0,32.0,58.0,21313,178,32
AK,Alaska,Pacific,2017-07-01,H_RECMND,4.0,27.0,69.0,21313,178,32
AK,Alaska,Pacific,2018-07-01,H_CLEAN_HSP,7.0,19.0,74.0,20001,1707,19
AK,Alaska,Pacific,2018-07-01,H_COMP_1,4.0,17.0,79.0,20001,1707,19
AK,Alaska,Pacific,2018-07-01,H_COMP_2,5.0,15.0,80.0,20001,1707,19
AK,Alaska,Pacific,2018-07-01,H_COMP_3,6.0,21.0,73.0,20001,1707,19
AK,Alaska,Pacific,2018-07-01,H_COMP_5,16.0,19.0,65.0,20001,1707,19
AK,Alaska,Pacific,2018-07-01,H_COMP_6,14.0,0.0,86.0,20001,1707,19
AK,Alaska,Pacific,2018-07-01,H_COMP_7,4.0,46.0,50.0,20001,1707,19
AK,Alaska,Pacific,2018-07-01,H_HSP_RATING,8.0,23.0,69.0,20001,1707,19
AK,Alaska,Pacific,2018-07-01,H_QUIET_HSP,10.0,34.0,56.0,20001,1707,19
AK,Alaska,Pacific,2018-07-01,H_RECMND,3.0,23.0,74.0,20001,1707,19
AK,Alaska,Pacific,2018-07-01,H_CLEAN_HSP,7.0,19.0,74.0,20006,564,32
AK,Alaska,Pacific,2018-07-01,H_COMP_1,4.0,17.0,79.0,20006,564,32
AK,Alaska,Pacific,2018-07-01,H_COMP_2,5.0,15.0,80.0,20006,564,32
AK,Alaska,Pacific,2018-07-01,H_COMP_3,6.0,21.0,73.0,20006,564,32
AK,Alaska,Pacific,2018-07-01,H_COMP_5,16.0,19.0,65.0,20006,564,32
AK,Alaska,Pacific,2018-07-01,H_COMP_6,14.0,0.0,86.0,20006,564,32
AK,Alaska,Pacific,2018-07-01,H_COMP_7,4.0,46.0,50.0,20006,564,32
AK,Alaska,Pacific,2018-07-01,H_HSP_RATING,8.0,23.0,69.0,20006,564,32
AK,Alaska,Pacific,2018-07-01,H_QUIET_HSP,10.0,34.0,56.0,20006,564,32
AK,Alaska,Pacific,2018-07-01,H_RECMND,3.0,23.0,74.0,20006,564,32
AK,Alaska,Pacific,2018-07-01,H_CLEAN_HSP,7.0,19.0,74.0,20008,267,20
AK,Alaska,Pacific,2018-07-01,H_COMP_1,4.0,17.0,79.0,20008,267,20
AK,Alaska,Pacific,2018-07-01,H_COMP_2,5.0,15.0,80.0,20008,267,20
AK,Alaska,Pacific,2018-07-01,H_COMP_3,6.0,21.0,73.0,20008,267,20
AK,Alaska,Pacific,2018-07-01,H_COMP_5,16.0,19.0,65.0,20008,267,20
AK,Alaska,Pacific,2018-07-01,H_COMP_6,14.0,0.0,86.0,20008,267,20
AK,Alaska,Pacific,2018-07-01,H_COMP_7,4.0,46.0,50.0,20008,267,20
AK,Alaska,Pacific,2018-07-01,H_HSP_RATING,8.0,23.0,69.0,20008,267,20
AK,Alaska,Pacific,2018-07-01,H_QUIET_HSP,10.0,34.0,56.0,20008,267,20
AK,Alaska,Pacific,2018-07-01,H_RECMND,3.0,23.0,74.0,20008,267,20
AK,Alaska,Pacific,2018-07-01,H_CLEAN_HSP,7.0,19.0,74.0,20012,639,21
AK,Alaska,Pacific,2018-07-01,H_COMP_1,4.0,17.0,79.0,20012,639,21
AK,Alaska,Pacific,2018-07-01,H_COMP_2,5.0,15.0,80.0,20012,639,21
AK,Alaska,Pacific,2018-07-01,H_COMP_3,6.0,21.0,73.0,20012,639,21
AK,Alaska,Pacific,2018-07-01,H_COMP_5,16.0,19.0,65.0,20012,639,21
AK,Alaska,Pacific,2018-07-01,H_COMP_6,14.0,0.0,86.0,20012,639,21
AK,Alaska,Pacific,2018-07-01,H_COMP_7,4.0,46.0,50.0,20012,639,21
AK,Alaska,Pacific,2018-07-01,H_HSP_RATING,8.0,23.0,69.0,20012,639,21
AK,Alaska,Pacific,2018-07-01,H_QUIET_HSP,10.0,34.0,56.0,20012,639,21
AK,Alaska,Pacific,2018-07-01,H_RECMND,3.0,23.0,74.0,20012,639,21
AK,Alaska,Pacific,2018-07-01,H_CLEAN_HSP,7.0,19.0,74.0,20017,1162,22
AK,Alaska,Pacific,2018-07-01,H_COMP_1,4.0,17.0,79.0,20017,1162,22
AK,Alaska,Pacific,2018-07-01,H_COMP_2,5.0,15.0,80.0,20017,1162,22
AK,Alaska,Pacific,2018-07-01,H_COMP_3,6.0,21.0,73.0,20017,1162,22
AK,Alaska,Pacific,2018-07-01,H_COMP_5,16.0,19.0,65.0,20017,1162,22
AK,Alaska,Pacific,2018-07-01,H_COMP_6,14.0,0.0,86.0,20017,1162,22
AK,Alaska,Pacific,2018-07-01,H_COMP_7,4.0,46.0,50.0,20017,1162,22
AK,Alaska,Pacific,2018-07-01,H_HSP_RATING,8.0,23.0,69.0,20017,1162,22
AK,Alaska,Pacific,2018-07-01,H_QUIET_HSP,10.0,34.0,56.0,20017,1162,22
AK,Alaska,Pacific,2018-07-01,H_RECMND,3.0,23.0,74.0,20017,1162,22
AK,Alaska,Pacific,2018-07-01,H_CLEAN_HSP,7.0,19.0,74.0,20018,224,25
AK,Alaska,Pacific,2018-07-01,H_COMP_1,4.0,17.0,79.0,20018,224,25
AK,Alaska,Pacific,2018-07-01,H_COMP_2,5.0,15.0,80.0,20018,224,25
AK,Alaska,Pacific,2018-07-01,H_COMP_3,6.0,21.0,73.0,20018,224,25
AK,Alaska,Pacific,2018-07-01,H_COMP_5,16.0,19.0,65.0,20018,224,25
AK,Alaska,Pacific,2018-07-01,H_COMP_6,14.0,0.0,86.0,20018,224,25
AK,Alaska,Pacific,2018-07-01,H_COMP_7,4.0,46.0,50.0,20018,224,25
AK,Alaska,Pacific,2018-07-01,H_HSP_RATING,8.0,23.0,69.0,20018,224,25
AK,Alaska,Pacific,2018-07-01,H_QUIET_HSP,10.0,34.0,56.0,20018,224,25
AK,Alaska,Pacific,2018-07-01,H_RECMND,3.0,23.0,74.0,20018,224,25
AK,Alaska,Pacific,2018-07-01,H_CLEAN_HSP,7.0,19.0,74.0,20024,346,17
AK,Alaska,Pacific,2018-07-01,H_COMP_1,4.0,17.0,79.0,20024,346,17
AK,Alaska,Pacific,2018-07-01,H_COMP_2,5.0,15.0,80.0,20024,346,17
AK,Alaska,Pacific,2018-07-01,H_COMP_3,6.0,21.0,73.0,20024,346,17
AK,Alaska,Pacific,2018-07-01,H_COMP_5,16.0,19.0,65.0,20024,346,17
AK,Alaska,Pacific,2018-07-01,H_COMP_6,14.0,0.0,86.0,20024,346,17
AK,Alaska,Pacific,2018-07-01,H_COMP_7,4.0,46.0,50.0,20024,346,17
AK,Alaska,Pacific,2018-07-01,H_HSP_RATING,8.0,23.0,69.0,20024,346,17
AK,Alaska,Pacific,2018-07-01,H_QUIET_HSP,10.0,34.0,56.0,20024,346,17
AK,Alaska,Pacific,2018-07-01,H_RECMND,3.0,23.0,74.0,20024,346,17
AK,Alaska,Pacific,2018-07-01,H_CLEAN_HSP,7.0,19.0,74.0,20026,1168,21
AK,Alaska,Pacific,2018-07-01,H_COMP_1,4.0,17.0,79.0,20026,1168,21
AK,Alaska,Pacific,2018-07-01,H_COMP_2,5.0,15.0,80.0,20026,1168,21
AK,Alaska,Pacific,2018-07-01,H_COMP_3,6.0,21.0,73.0,20026,1168,21
AK,Alaska,Pacific,2018-07-01,H_COMP_5,16.0,19.0,65.0,20026,1168,21
AK,Alaska,Pacific,2018-07-01,H_COMP_6,14.0,0.0,86.0,20026,1168,21
AK,Alaska,Pacific,2018-07-01,H_COMP_7,4.0,46.0,50.0,20026,1168,21
AK,Alaska,Pacific,2018-07-01,H_HSP_RATING,8.0,23.0,69.0,20026,1168,21
AK,Alaska,Pacific,2018-07-01,H_QUIET_HSP,10.0,34.0,56.0,20026,1168,21
AK,Alaska,Pacific,2018-07-01,H_RECMND,3.0,23.0,74.0,20026,1168,21
AK,Alaska,Pacific,2018-07-01,H_CLEAN_HSP,7.0,19.0,74.0,21303,25,27
AK,Alaska,Pacific,2018-07-01,H_COMP_1,4.0,17.0,79.0,21303,25,27
AK,Alaska,Pacific,2018-07-01,H_COMP_2,5.0,15.0,80.0,21303,25,27
AK,Alaska,Pacific,2018-07-01,H_COMP_3,6.0,21.0,73.0,21303,25,27
AK,Alaska,Pacific,2018-07-01,H_COMP_5,16.0,19.0,65.0,21303,25,27
AK,Alaska,Pacific,2018-07-01,H_COMP_6,14.0,0.0,86.0,21303,25,27
AK,Alaska,Pacific,2018-07-01,H_COMP_7,4.0,46.0,50.0,21303,25,27
AK,Alaska,Pacific,2018-07-01,H_HSP_RATING,8.0,23.0,69.0,21303,25,27
AK,Alaska,Pacific,2018-07-01,H_QUIET_HSP,10.0,34.0,56.0,21303,25,27
AK,Alaska,Pacific,2018-07-01,H_RECMND,3.0,23.0,74.0,21303,25,27
AK,Alaska,Pacific,2018-07-01,H_CLEAN_HSP,7.0,19.0,74.0,21306,88,18
AK,Alaska,Pacific,2018-07-01,H_COMP_1,4.0,17.0,79.0,21306,88,18
AK,Alaska,Pacific,2018-07-01,H_COMP_2,5.0,15.0,80.0,21306,88,18
AK,Alaska,Pacific,2018-07-01,H_COMP_3,6.0,21.0,73.0,21306,88,18
AK,Alaska,Pacific,2018-07-01,H_COMP_5,16.0,19.0,65.0,21306,88,18
AK,Alaska,Pacific,2018-07-01,H_COMP_6,14.0,0.0,86.0,21306,88,18
AK,Alaska,Pacific,2018-07-01,H_COMP_7,4.0,46.0,50.0,21306,88,18
AK,Alaska,Pacific,2018-07-01,H_HSP_RATING,8.0,23.0,69.0,21306,88,18
AK,Alaska,Pacific,2018-07-01,H_QUIET_HSP,10.0,34.0,56.0,21306,88,18
AK,Alaska,Pacific,2018-07-01,H_RECMND,3.0,23.0,74.0,21306,88,18
AK,Alaska,Pacific,2018-07-01,H_CLEAN_HSP,7.0,19.0,74.0,21308,64,21
AK,Alaska,Pacific,2018-07-01,H_COMP_1,4.0,17.0,79.0,21308,64,21
AK,Alaska,Pacific,2018-07-01,H_COMP_2,5.0,15.0,80.0,21308,64,21
AK,Alaska,Pacific,2018-07-01,H_COMP_3,6.0,21.0,73.0,21308,64,21
AK,Alaska,Pacific,2018-07-01,H_COMP_5,16.0,19.0,65.0,21308,64,21
AK,Alaska,Pacific,2018-07-01,H_COMP_6,14.0,0.0,86.0,21308,64,21
AK,Alaska,Pacific,2018-07-01,H_COMP_7,4.0,46.0,50.0,21308,64,21
AK,Alaska,Pacific,2018-07-01,H_HSP_RATING,8.0,23.0,69.0,21308,64,21
AK,Alaska,Pacific,2018-07-01,H_QUIET_HSP,10.0,34.0,56.0,21308,64,21
AK,Alaska,Pacific,2018-07-01,H_RECMND,3.0,23.0,74.0,21308,64,21
AK,Alaska,Pacific,2018-07-01,H_CLEAN_HSP,7.0,19.0,74.0,21311,128,15
AK,Alaska,Pacific,2018-07-01,H_COMP_1,4.0,17.0,79.0,21311,128,15
AK,Alaska,Pacific,2018-07-01,H_COMP_2,5.0,15.0,80.0,21311,128,15
AK,Alaska,Pacific,2018-07-01,H_COMP_3,6.0,21.0,73.0,21311,128,15
AK,Alaska,Pacific,2018-07-01,H_COMP_5,16.0,19.0,65.0,21311,128,15
AK,Alaska,Pacific,2018-07-01,H_COMP_6,14.0,0.0,86.0,21311,128,15
AK,Alaska,Pacific,2018-07-01,H_COMP_7,4.0,46.0,50.0,21311,128,15
AK,Alaska,Pacific,2018-07-01,H_HSP_RATING,8.0,23.0,69.0,21311,128,15
AK,Alaska,Pacific,2018-07-01,H_QUIET_HSP,10.0,34.0,56.0,21311,128,15
AK,Alaska,Pacific,2018-07-01,H_RECMND,3.0,23.0,74.0,21311,128,15
AK,Alaska,Pacific,2018-07-01,H_CLEAN_HSP,7.0,19.0,74.0,21313,194,33
AK,Alaska,Pacific,2018-07-01,H_COMP_1,4.0,17.0,79.0,21313,194,33
AK,Alaska,Pacific,2018-07-01,H_COMP_2,5.0,15.0,80.0,21313,194,33
AK,Alaska,Pacific,2018-07-01,H_COMP_3,6.0,21.0,73.0,21313,194,33
AK,Alaska,Pacific,2018-07-01,H_COMP_5,16.0,19.0,65.0,21313,194,33
AK,Alaska,Pacific,2018-07-01,H_COMP_6,14.0,0.0,86.0,21313,194,33
AK,Alaska,Pacific,2018-07-01,H_COMP_7,4.0,46.0,50.0,21313,194,33
AK,Alaska,Pacific,2018-07-01,H_HSP_RATING,8.0,23.0,69.0,21313,194,33
AK,Alaska,Pacific,2018-07-01,H_QUIET_HSP,10.0,34.0,56.0,21313,194,33
AK,Alaska,Pacific,2018-07-01,H_RECMND,3.0,23.0,74.0,21313,194,33
AK,Alaska,Pacific,2019-07-01,H_CLEAN_HSP,9.0,19.0,72.0,20001,1261,20
AK,Alaska,Pacific,2019-07-01,H_COMP_1,4.0,16.0,80.0,20001,1261,20
AK,Alaska,Pacific,2019-07-01,H_COMP_2,5.0,16.0,79.0,20001,1261,20
AK,Alaska,Pacific,2019-07-01,H_COMP_3,9.0,22.0,69.0,20001,1261,20
AK,Alaska,Pacific,2019-07-01,H_COMP_5,16.0,20.0,64.0,20001,1261,20
AK,Alaska,Pacific,2019-07-01,H_COMP_6,14.0,0.0,86.0,20001,1261,20
AK,Alaska,Pacific,2019-07-01,H_COMP_7,5.0,42.0,53.0,20001,1261,20
AK,Alaska,Pacific,2019-07-01,H_HSP_RATING,10.0,26.0,64.0,20001,1261,20
AK,Alaska,Pacific,2019-07-01,H_QUIET_HSP,8.0,35.0,57.0,20001,1261,20
AK,Alaska,Pacific,2019-07-01,H_RECMND,4.0,30.0,66.0,20001,1261,20
AK,Alaska,Pacific,2019-07-01,H_CLEAN_HSP,9.0,19.0,72.0,20006,440,24
AK,Alaska,Pacific,2019-07-01,H_COMP_1,4.0,16.0,80.0,20006,440,24
AK,Alaska,Pacific,2019-07-01,H_COMP_2,5.0,16.0,79.0,20006,440,24
AK,Alaska,Pacific,2019-07-01,H_COMP_3,9.0,22.0,69.0,20006,440,24
AK,Alaska,Pacific,2019-07-01,H_COMP_5,16.0,20.0,64.0,20006,440,24
AK,Alaska,Pacific,2019-07-01,H_COMP_6,14.0,0.0,86.0,20006,440,24
AK,Alaska,Pacific,2019-07-01,H_COMP_7,5.0,42.0,53.0,20006,440,24
AK,Alaska,Pacific,2019-07-01,H_HSP_RATING,10.0,26.0,64.0,20006,440,24
AK,Alaska,Pacific,2019-07-01,H_QUIET_HSP,8.0,35.0,57.0,20006,440,24
AK,Alaska,Pacific,2019-07-01,H_RECMND,4.0,30.0,66.0,20006,440,24
AK,Alaska,Pacific,2019-07-01,H_CLEAN_HSP,9.0,19.0,72.0,20008,239,18
AK,Alaska,Pacific,2019-07-01,H_COMP_1,4.0,16.0,80.0,20008,239,18
AK,Alaska,Pacific,2019-07-01,H_COMP_2,5.0,16.0,79.0,20008,239,18
AK,Alaska,Pacific,2019-07-01,H_COMP_3,9.0,22.0,69.0,20008,239,18
AK,Alaska,Pacific,2019-07-01,H_COMP_5,16.0,20.0,64.0,20008,239,18
AK,Alaska,Pacific,2019-07-01,H_COMP_6,14.0,0.0,86.0,20008,239,18
AK,Alaska,Pacific,2019-07-01,H_COMP_7,5.0,42.0,53.0,20008,239,18
AK,Alaska,Pacific,2019-07-01,H_HSP_RATING,10.0,26.0,64.0,20008,239,18
AK,Alaska,Pacific,2019-07-01,H_QUIET_HSP,8.0,35.0,57.0,20008,239,18
AK,Alaska,Pacific,2019-07-01,H_RECMND,4.0,30.0,66.0,20008,239,18
AK,Alaska,Pacific,2019-07-01,H_CLEAN_HSP,9.0,19.0,72.0,20012,645,21
AK,Alaska,Pacific,2019-07-01,H_COMP_1,4.0,16.0,80.0,20012,645,21
AK,Alaska,Pacific,2019-07-01,H_COMP_2,5.0,16.0,79.0,20012,645,21
AK,Alaska,Pacific,2019-07-01,H_COMP_3,9.0,22.0,69.0,20012,645,21
AK,Alaska,Pacific,2019-07-01,H_COMP_5,16.0,20.0,64.0,20012,645,21
AK,Alaska,Pacific,2019-07-01,H_COMP_6,14.0,0.0,86.0,20012,645,21
AK,Alaska,Pacific,2019-07-01,H_COMP_7,5.0,42.0,53.0,20012,645,21
AK,Alaska,Pacific,2019-07-01,H_HSP_RATING,10.0,26.0,64.0,20012,645,21
AK,Alaska,Pacific,2019-07-01,H_QUIET_HSP,8.0,35.0,57.0,20012,645,21
AK,Alaska,Pacific,2019-07-01,H_RECMND,4.0,30.0,66.0,20012,645,21
AK,Alaska,Pacific,2019-07-01,H_CLEAN_HSP,9.0,19.0,72.0,20017,1193,25
AK,Alaska,Pacific,2019-07-01,H_COMP_1,4.0,16.0,80.0,20017,1193,25
AK,Alaska,Pacific,2019-07-01,H_COMP_2,5.0,16.0,79.0,20017,1193,25
AK,Alaska,Pacific,2019-07-01,H_COMP_3,9.0,22.0,69.0,20017,1193,25
AK,Alaska,Pacific,2019-07-01,H_COMP_5,16.0,20.0,64.0,20017,1193,25
AK,Alaska,Pacific,2019-07-01,H_COMP_6,14.0,0.0,86.0,20017,1193,25
AK,Alaska,Pacific,2019-07-01,H_COMP_7,5.0,42.0,53.0,20017,1193,25
AK,Alaska,Pacific,2019-07-01,H_HSP_RATING,10.0,26.0,64.0,20017,1193,25
AK,Alaska,Pacific,2019-07-01,H_QUIET_HSP,8.0,35.0,57.0,20017,1193,25
AK,Alaska,Pacific,2019-07-01,H_RECMND,4.0,30.0,66.0,20017,1193,25
AK,Alaska,Pacific,2019-07-01,H_CLEAN_HSP,9.0,19.0,72.0,20018,165,19
AK,Alaska,Pacific,2019-07-01,H_COMP_1,4.0,16.0,80.0,20018,165,19
AK,Alaska,Pacific,2019-07-01,H_COMP_2,5.0,16.0,79.0,20018,165,19
AK,Alaska,Pacific,2019-07-01,H_COMP_3,9.0,22.0,69.0,20018,165,19
AK,Alaska,Pacific,2019-07-01,H_COMP_5,16.0,20.0,64.0,20018,165,19
AK,Alaska,Pacific,2019-07-01,H_COMP_6,14.0,0.0,86.0,20018,165,19
AK,Alaska,Pacific,2019-07-01,H_COMP_7,5.0,42.0,53.0,20018,165,19
AK,Alaska,Pacific,2019-07-01,H_HSP_RATING,10.0,26.0,64.0,20018,165,19
AK,Alaska,Pacific,2019-07-01,H_QUIET_HSP,8.0,35.0,57.0,20018,165,19
AK,Alaska,Pacific,2019-07-01,H_RECMND,4.0,30.0,66.0,20018,165,19
AK,Alaska,Pacific,2019-07-01,H_CLEAN_HSP,9.0,19.0,72.0,20024,365,17
AK,Alaska,Pacific,2019-07-01,H_COMP_1,4.0,16.0,80.0,20024,365,17
AK,Alaska,Pacific,2019-07-01,H_COMP_2,5.0,16.0,79.0,20024,365,17
AK,Alaska,Pacific,2019-07-01,H_COMP_3,9.0,22.0,69.0,20024,365,17
AK,Alaska,Pacific,2019-07-01,H_COMP_5,16.0,20.0,64.0,20024,365,17
AK,Alaska,Pacific,2019-07-01,H_COMP_6,14.0,0.0,86.0,20024,365,17
AK,Alaska,Pacific,2019-07-01,H_COMP_7,5.0,42.0,53.0,20024,365,17
AK,Alaska,Pacific,2019-07-01,H_HSP_RATING,10.0,26.0,64.0,20024,365,17
AK,Alaska,Pacific,2019-07-01,H_QUIET_HSP,8.0,35.0,57.0,20024,365,17
AK,Alaska,Pacific,2019-07-01,H_RECMND,4.0,30.0,66.0,20024,365,17
AK,Alaska,Pacific,2019-07-01,H_CLEAN_HSP,9.0,19.0,72.0,20026,923,15
AK,Alaska,Pacific,2019-07-01,H_COMP_1,4.0,16.0,80.0,20026,923,15
AK,Alaska,Pacific,2019-07-01,H_COMP_2,5.0,16.0,79.0,20026,923,15
AK,Alaska,Pacific,2019-07-01,H_COMP_3,9.0,22.0,69.0,20026,923,15
AK,Alaska,Pacific,2019-07-01,H_COMP_5,16.0,20.0,64.0,20026,923,15
AK,Alaska,Pacific,2019-07-01,H_COMP_6,14.0,0.0,86.0,20026,923,15
AK,Alaska,Pacific,2019-07-01,H_COMP_7,5.0,42.0,53.0,20026,923,15
AK,Alaska,Pacific,2019-07-01,H_HSP_RATING,10.0,26.0,64.0,20026,923,15
AK,Alaska,Pacific,2019-07-01,H_QUIET_HSP,8.0,35.0,57.0,20026,923,15
AK,Alaska,Pacific,2019-07-01,H_RECMND,4.0,30.0,66.0,20026,923,15
AK,Alaska,Pacific,2019-07-01,H_CLEAN_HSP,9.0,19.0,72.0,21301,25,20
AK,Alaska,Pacific,2019-07-01,H_COMP_1,4.0,16.0,80.0,21301,25,20
AK,Alaska,Pacific,2019-07-01,H_COMP_2,5.0,16.0,79.0,21301,25,20
AK,Alaska,Pacific,2019-07-01,H_COMP_3,9.0,22.0,69.0,21301,25,20
AK,Alaska,Pacific,2019-07-01,H_COMP_5,16.0,20.0,64.0,21301,25,20
AK,Alaska,Pacific,2019-07-01,H_COMP_6,14.0,0.0,86.0,21301,25,20
AK,Alaska,Pacific,2019-07-01,H_COMP_7,5.0,42.0,53.0,21301,25,20
AK,Alaska,Pacific,2019-07-01,H_HSP_RATING,10.0,26.0,64.0,21301,25,20
AK,Alaska,Pacific,2019-07-01,H_QUIET_HSP,8.0,35.0,57.0,21301,25,20
AK,Alaska,Pacific,2019-07-01,H_RECMND,4.0,30.0,66.0,21301,25,20
AK,Alaska,Pacific,2019-07-01,H_CLEAN_HSP,9.0,19.0,72.0,21303,37,29
AK,Alaska,Pacific,2019-07-01,H_COMP_1,4.0,16.0,80.0,21303,37,29
AK,Alaska,Pacific,2019-07-01,H_COMP_2,5.0,16.0,79.0,21303,37,29
AK,Alaska,Pacific,2019-07-01,H_COMP_3,9.0,22.0,69.0,21303,37,29
AK,Alaska,Pacific,2019-07-01,H_COMP_5,16.0,20.0,64.0,21303,37,29
AK,Alaska,Pacific,2019-07-01,H_COMP_6,14.0,0.0,86.0,21303,37,29
AK,Alaska,Pacific,2019-07-01,H_COMP_7,5.0,42.0,53.0,21303,37,29
AK,Alaska,Pacific,2019-07-01,H_HSP_RATING,10.0,26.0,64.0,21303,37,29
AK,Alaska,Pacific,2019-07-01,H_QUIET_HSP,8.0,35.0,57.0,21303,37,29
AK,Alaska,Pacific,2019-07-01,H_RECMND,4.0,30.0,66.0,21303,37,29
AK,Alaska,Pacific,2019-07-01,H_CLEAN_HSP,9.0,19.0,72.0,21306,56,15
AK,Alaska,Pacific,2019-07-01,H_COMP_1,4.0,16.0,80.0,21306,56,15
AK,Alaska,Pacific,2019-07-01,H_COMP_2,5.0,16.0,79.0,21306,56,15
AK,Alaska,Pacific,2019-07-01,H_COMP_3,9.0,22.0,69.0,21306,56,15
AK,Alaska,Pacific,2019-07-01,H_COMP_5,16.0,20.0,64.0,21306,56,15
AK,Alaska,Pacific,2019-07-01,H_COMP_6,14.0,0.0,86.0,21306,56,15
AK,Alaska,Pacific,2019-07-01,H_COMP_7,5.0,42.0,53.0,21306,56,15
AK,Alaska,Pacific,2019-07-01,H_HSP_RATING,10.0,26.0,64.0,21306,56,15
AK,Alaska,Pacific,2019-07-01,H_QUIET_HSP,8.0,35.0,57.0,21306,56,15
AK,Alaska,Pacific,2019-07-01,H_RECMND,4.0,30.0,66.0,21306,56,15
AK,Alaska,Pacific,2019-07-01,H_CLEAN_HSP,9.0,19.0,72.0,21308,30,7
AK,Alaska,Pacific,2019-07-01,H_COMP_1,4.0,16.0,80.0,21308,30,7
AK,Alaska,Pacific,2019-07-01,H_COMP_2,5.0,16.0,79.0,21308,30,7
AK,Alaska,Pacific,2019-07-01,H_COMP_3,9.0,22.0,69.0,21308,30,7
AK,Alaska,Pacific,2019-07-01,H_COMP_5,16.0,20.0,64.0,21308,30,7
AK,Alaska,Pacific,2019-07-01,H_COMP_6,14.0,0.0,86.0,21308,30,7
AK,Alaska,Pacific,2019-07-01,H_COMP_7,5.0,42.0,53.0,21308,30,7
AK,Alaska,Pacific,2019-07-01,H_HSP_RATING,10.0,26.0,64.0,21308,30,7
AK,Alaska,Pacific,2019-07-01,H_QUIET_HSP,8.0,35.0,57.0,21308,30,7
AK,Alaska,Pacific,2019-07-01,H_RECMND,4.0,30.0,66.0,21308,30,7
AK,Alaska,Pacific,2019-07-01,H_CLEAN_HSP,9.0,19.0,72.0,21311,143,16
AK,Alaska,Pacific,2019-07-01,H_COMP_1,4.0,16.0,80.0,21311,143,16
AK,Alaska,Pacific,2019-07-01,H_COMP_2,5.0,16.0,79.0,21311,143,16
AK,Alaska,Pacific,2019-07-01,H_COMP_3,9.0,22.0,69.0,21311,143,16
AK,Alaska,Pacific,2019-07-01,H_COMP_5,16.0,20.0,64.0,21311,143,16
AK,Alaska,Pacific,2019-07-01,H_COMP_6,14.0,0.0,86.0,21311,143,16
AK,Alaska,Pacific,2019-07-01,H_COMP_7,5.0,42.0,53.0,21311,143,16
AK,Alaska,Pacific,2019-07-01,H_HSP_RATING,10.0,26.0,64.0,21311,143,16
AK,Alaska,Pacific,2019-07-01,H_QUIET_HSP,8.0,35.0,57.0,21311,143,16
AK,Alaska,Pacific,2019-07-01,H_RECMND,4.0,30.0,66.0,21311,143,16
AK,Alaska,Pacific,2019-07-01,H_CLEAN_HSP,9.0,19.0,72.0,21313,166,28
AK,Alaska,Pacific,2019-07-01,H_COMP_1,4.0,16.0,80.0,21313,166,28
AK,Alaska,Pacific,2019-07-01,H_COMP_2,5.0,16.0,79.0,21313,166,28
AK,Alaska,Pacific,2019-07-01,H_COMP_3,9.0,22.0,69.0,21313,166,28
AK,Alaska,Pacific,2019-07-01,H_COMP_5,16.0,20.0,64.0,21313,166,28
AK,Alaska,Pacific,2019-07-01,H_COMP_6,14.0,0.0,86.0,21313,166,28
AK,Alaska,Pacific,2019-07-01,H_COMP_7,5.0,42.0,53.0,21313,166,28
AK,Alaska,Pacific,2019-07-01,H_HSP_RATING,10.0,26.0,64.0,21313,166,28
AK,Alaska,Pacific,2019-07-01,H_QUIET_HSP,8.0,35.0,57.0,21313,166,28
AK,Alaska,Pacific,2019-07-01,H_RECMND,4.0,30.0,66.0,21313,166,28
AK,Alaska,Pacific,2020-07-01,H_CLEAN_HSP,7.0,19.0,74.0,02013F,419,32
AK,Alaska,Pacific,2020-07-01,H_COMP_1,4.0,18.0,78.0,02013F,419,32
AK,Alaska,Pacific,2020-07-01,H_COMP_2,4.0,14.0,82.0,02013F,419,32
AK,Alaska,Pacific,2020-07-01,H_COMP_3,7.0,20.0,73.0,02013F,419,32
AK,Alaska,Pacific,2020-07-01,H_COMP_5,17.0,17.0,66.0,02013F,419,32
AK,Alaska,Pacific,2020-07-01,H_COMP_6,11.0,0.0,89.0,02013F,419,32
AK,Alaska,Pacific,2020-07-01,H_COMP_7,4.0,45.0,51.0,02013F,419,32
AK,Alaska,Pacific,2020-07-01,H_HSP_RATING,8.0,19.0,73.0,02013F,419,32
AK,Alaska,Pacific,2020-07-01,H_QUIET_HSP,9.0,32.0,59.0,02013F,419,32
AK,Alaska,Pacific,2020-07-01,H_RECMND,5.0,21.0,74.0,02013F,419,32
AK,Alaska,Pacific,2020-07-01,H_CLEAN_HSP,7.0,19.0,74.0,02014F,199,26
AK,Alaska,Pacific,2020-07-01,H_COMP_1,4.0,18.0,78.0,02014F,199,26
AK,Alaska,Pacific,2020-07-01,H_COMP_2,4.0,14.0,82.0,02014F,199,26
AK,Alaska,Pacific,2020-07-01,H_COMP_3,7.0,20.0,73.0,02014F,199,26
AK,Alaska,Pacific,2020-07-01,H_COMP_5,17.0,17.0,66.0,02014F,199,26
AK,Alaska,Pacific,2020-07-01,H_COMP_6,11.0,0.0,89.0,02014F,199,26
AK,Alaska,Pacific,2020-07-01,H_COMP_7,4.0,45.0,51.0,02014F,199,26
AK,Alaska,Pacific,2020-07-01,H_HSP_RATING,8.0,19.0,73.0,02014F,199,26
AK,Alaska,Pacific,2020-07-01,H_QUIET_HSP,9.0,32.0,59.0,02014F,199,26
AK,Alaska,Pacific,2020-07-01,H_RECMND,5.0,21.0,74.0,02014F,199,26
AK,Alaska,Pacific,2020-07-01,H_CLEAN_HSP,7.0,19.0,74.0,20001,1491,19
AK,Alaska,Pacific,2020-07-01,H_COMP_1,4.0,18.0,78.0,20001,1491,19
AK,Alaska,Pacific,2020-07-01,H_COMP_2,4.0,14.0,82.0,20001,1491,19
AK,Alaska,Pacific,2020-07-01,H_COMP_3,7.0,20.0,73.0,20001,1491,19
AK,Alaska,Pacific,2020-07-01,H_COMP_5,17.0,17.0,66.0,20001,1491,19
AK,Alaska,Pacific,2020-07-01,H_COMP_6,11.0,0.0,89.0,20001,1491,19
AK,Alaska,Pacific,2020-07-01,H_COMP_7,4.0,45.0,51.0,20001,1491,19
AK,Alaska,Pacific,2020-07-01,H_HSP_RATING,8.0,19.0,73.0,20001,1491,19
AK,Alaska,Pacific,2020-07-01,H_QUIET_HSP,9.0,32.0,59.0,20001,1491,19
AK,Alaska,Pacific,2020-07-01,H_RECMND,5.0,21.0,74.0,20001,1491,19
AK,Alaska,Pacific,2020-07-01,H_CLEAN_HSP,7.0,19.0,74.0,20006,495,14
AK,Alaska,Pacific,2020-07-01,H_COMP_1,4.0,18.0,78.0,20006,495,14
AK,Alaska,Pacific,2020-07-01,H_COMP_2,4.0,14.0,82.0,20006,495,14
AK,Alaska,Pacific,2020-07-01,H_COMP_3,7.0,20.0,73.0,20006,495,14
AK,Alaska,Pacific,2020-07-01,H_COMP_5,17.0,17.0,66.0,20006,495,14
AK,Alaska,Pacific,2020-07-01,H_COMP_6,11.0,0.0,89.0,20006,495,14
AK,Alaska,Pacific,2020-07-01,H_COMP_7,4.0,45.0,51.0,20006,495,14
AK,Alaska,Pacific,2020-07-01,H_HSP_RATING,8.0,19.0,73.0,20006,495,14
AK,Alaska,Pacific,2020-07-01,H_QUIET_HSP,9.0,32.0,59.0,20006,495,14
AK,Alaska,Pacific,2020-07-01,H_RECMND,5.0,21.0,74.0,20006,495,14
AK,Alaska,Pacific,2020-07-01,H_CLEAN_HSP,7.0,19.0,74.0,20008,280,22
AK,Alaska,Pacific,2020-07-01,H_COMP_1,4.0,18.0,78.0,20008,280,22
AK,Alaska,Pacific,2020-07-01,H_COMP_2,4.0,14.0,82.0,20008,280,22
AK,Alaska,Pacific,2020-07-01,H_COMP_3,7.0,20.0,73.0,20008,280,22
AK,Alaska,Pacific,2020-07-01,H_COMP_5,17.0,17.0,66.0,20008,280,22
AK,Alaska,Pacific,2020-07-01,H_COMP_6,11.0,0.0,89.0,20008,280,22
AK,Alaska,Pacific,2020-07-01,H_COMP_7,4.0,45.0,51.0,20008,280,22
AK,Alaska,Pacific,2020-07-01,H_HSP_RATING,8.0,19.0,73.0,20008,280,22
AK,Alaska,Pacific,2020-07-01,H_QUIET_HSP,9.0,32.0,59.0,20008,280,22
AK,Alaska,Pacific,2020-07-01,H_RECMND,5.0,21.0,74.0,20008,280,22
AK,Alaska,Pacific,2020-07-01,H_CLEAN_HSP,7.0,19.0,74.0,20012,430,18
AK,Alaska,Pacific,2020-07-01,H_COMP_1,4.0,18.0,78.0,20012,430,18
AK,Alaska,Pacific,2020-07-01,H_COMP_2,4.0,14.0,82.0,20012,430,18
AK,Alaska,Pacific,2020-07-01,H_COMP_3,7.0,20.0,73.0,20012,430,18
AK,Alaska,Pacific,2020-07-01,H_COMP_5,17.0,17.0,66.0,20012,430,18
AK,Alaska,Pacific,2020-07-01,H_COMP_6,11.0,0.0,89.0,20012,430,18
AK,Alaska,Pacific,2020-07-01,H_COMP_7,4.0,45.0,51.0,20012,430,18
AK,Alaska,Pacific,2020-07-01,H_HSP_RATING,8.0,19.0,73.0,20012,430,18
AK,Alaska,Pacific,2020-07-01,H_QUIET_HSP,9.0,32.0,59.0,20012,430,18
AK,Alaska,Pacific,2020-07-01,H_RECMND,5.0,21.0,74.0,20012,430,18
AK,Alaska,Pacific,2020-07-01,H_CLEAN_HSP,7.0,19.0,74.0,20017,1304,29
AK,Alaska,Pacific,2020-07-01,H_COMP_1,4.0,18.0,78.0,20017,1304,29
AK,Alaska,Pacific,2020-07-01,H_COMP_2,4.0,14.0,82.0,20017,1304,29
AK,Alaska,Pacific,2020-07-01,H_COMP_3,7.0,20.0,73.0,20017,1304,29
AK,Alaska,Pacific,2020-07-01,H_COMP_5,17.0,17.0,66.0,20017,1304,29
AK,Alaska,Pacific,2020-07-01,H_COMP_6,11.0,0.0,89.0,20017,1304,29
AK,Alaska,Pacific,2020-07-01,H_COMP_7,4.0,45.0,51.0,20017,1304,29
AK,Alaska,Pacific,2020-07-01,H_HSP_RATING,8.0,19.0,73.0,20017,1304,29
AK,Alaska,Pacific,2020-07-01,H_QUIET_HSP,9.0,32.0,59.0,20017,1304,29
AK,Alaska,Pacific,2020-07-01,H_RECMND,5.0,21.0,74.0,20017,1304,29
AK,Alaska,Pacific,2020-07-01,H_CLEAN_HSP,7.0,19.0,74.0,20018,250,31
AK,Alaska,Pacific,2020-07-01,H_COMP_1,4.0,18.0,78.0,20018,250,31
AK,Alaska,Pacific,2020-07-01,H_COMP_2,4.0,14.0,82.0,20018,250,31
AK,Alaska,Pacific,2020-07-01,H_COMP_3,7.0,20.0,73.0,20018,250,31
AK,Alaska,Pacific,2020-07-01,H_COMP_5,17.0,17.0,66.0,20018,250,31
AK,Alaska,Pacific,2020-07-01,H_COMP_6,11.0,0.0,89.0,20018,250,31
AK,Alaska,Pacific,2020-07-01,H_COMP_7,4.0,45.0,51.0,20018,250,31
AK,Alaska,Pacific,2020-07-01,H_HSP_RATING,8.0,19.0,73.0,20018,250,31
AK,Alaska,Pacific,2020-07-01,H_QUIET_HSP,9.0,32.0,59.0,20018,250,31
AK,Alaska,Pacific,2020-07-01,H_RECMND,5.0,21.0,74.0,20018,250,31
AK,Alaska,Pacific,2020-07-01,H_CLEAN_HSP,7.0,19.0,74.0,20024,375,19
AK,Alaska,Pacific,2020-07-01,H_COMP_1,4.0,18.0,78.0,20024,375,19
AK,Alaska,Pacific,2020-07-01,H_COMP_2,4.0,14.0,82.0,20024,375,19
AK,Alaska,Pacific,2020-07-01,H_COMP_3,7.0,20.0,73.0,20024,375,19
AK,Alaska,Pacific,2020-07-01,H_COMP_5,17.0,17.0,66.0,20024,375,19
AK,Alaska,Pacific,2020-07-01,H_COMP_6,11.0,0.0,89.0,20024,375,19
AK,Alaska,Pacific,2020-07-01,H_COMP_7,4.0,45.0,51.0,20024,375,19
AK,Alaska,Pacific,2020-07-01,H_HSP_RATING,8.0,19.0,73.0,20024,375,19
AK,Alaska,Pacific,2020-07-01,H_QUIET_HSP,9.0,32.0,59.0,20024,375,19
AK,Alaska,Pacific,2020-07-01,H_RECMND,5.0,21.0,74.0,20024,375,19
AK,Alaska,Pacific,2020-07-01,H_CLEAN_HSP,7.0,19.0,74.0,20026,756,12
AK,Alaska,Pacific,2020-07-01,H_COMP_1,4.0,18.0,78.0,20026,756,12
AK,Alaska,Pacific,2020-07-01,H_COMP_2,4.0,14.0,82.0,20026,756,12
AK,Alaska,Pacific,2020-07-01,H_COMP_3,7.0,20.0,73.0,20026,756,12
AK,Alaska,Pacific,2020-07-01,H_COMP_5,17.0,17.0,66.0,20026,756,12
AK,Alaska,Pacific,2020-07-01,H_COMP_6,11.0,0.0,89.0,20026,756,12
AK,Alaska,Pacific,2020-07-01,H_COMP_7,4.0,45.0,51.0,20026,756,12
AK,Alaska,Pacific,2020-07-01,H_HSP_RATING,8.0,19.0,73.0,20026,756,12
AK,Alaska,Pacific,2020-07-01,H_QUIET_HSP,9.0,32.0,59.0,20026,756,12
AK,Alaska,Pacific,2020-07-01,H_RECMND,5.0,21.0,74.0,20026,756,12
AK,Alaska,Pacific,2020-07-01,H_CLEAN_HSP,7.0,19.0,74.0,21306,56,18
AK,Alaska,Pacific,2020-07-01,H_COMP_1,4.0,18.0,78.0,21306,56,18
AK,Alaska,Pacific,2020-07-01,H_COMP_2,4.0,14.0,82.0,21306,56,18
AK,Alaska,Pacific,2020-07-01,H_COMP_3,7.0,20.0,73.0,21306,56,18
AK,Alaska,Pacific,2020-07-01,H_COMP_5,17.0,17.0,66.0,21306,56,18
AK,Alaska,Pacific,2020-07-01,H_COMP_6,11.0,0.0,89.0,21306,56,18
AK,Alaska,Pacific,2020-07-01,H_COMP_7,4.0,45.0,51.0,21306,56,18
AK,Alaska,Pacific,2020-07-01,H_HSP_RATING,8.0,19.0,73.0,21306,56,18
AK,Alaska,Pacific,2020-07-01,H_QUIET_HSP,9.0,32.0,59.0,21306,56,18
AK,Alaska,Pacific,2020-07-01,H_RECMND,5.0,21.0,74.0,21306,56,18
AK,Alaska,Pacific,2020-07-01,H_CLEAN_HSP,7.0,19.0,74.0,21308,28,6
AK,Alaska,Pacific,2020-07-01,H_COMP_1,4.0,18.0,78.0,21308,28,6
AK,Alaska,Pacific,2020-07-01,H_COMP_2,4.0,14.0,82.0,21308,28,6
AK,Alaska,Pacific,2020-07-01,H_COMP_3,7.0,20.0,73.0,21308,28,6
AK,Alaska,Pacific,2020-07-01,H_COMP_5,17.0,17.0,66.0,21308,28,6
AK,Alaska,Pacific,2020-07-01,H_COMP_6,11.0,0.0,89.0,21308,28,6
AK,Alaska,Pacific,2020-07-01,H_COMP_7,4.0,45.0,51.0,21308,28,6
AK,Alaska,Pacific,2020-07-01,H_HSP_RATING,8.0,19.0,73.0,21308,28,6
AK,Alaska,Pacific,2020-07-01,H_QUIET_HSP,9.0,32.0,59.0,21308,28,6
AK,Alaska,Pacific,2020-07-01,H_RECMND,5.0,21.0,74.0,21308,28,6
AK,Alaska,Pacific,2020-07-01,H_CLEAN_HSP,7.0,19.0,74.0,21311,139,18
AK,Alaska,Pacific,2020-07-01,H_COMP_1,4.0,18.0,78.0,21311,139,18
AK,Alaska,Pacific,2020-07-01,H_COMP_2,4.0,14.0,82.0,21311,139,18
AK,Alaska,Pacific,2020-07-01,H_COMP_3,7.0,20.0,73.0,21311,139,18
AK,Alaska,Pacific,2020-07-01,H_COMP_5,17.0,17.0,66.0,21311,139,18
AK,Alaska,Pacific,2020-07-01,H_COMP_6,11.0,0.0,89.0,21311,139,18
AK,Alaska,Pacific,2020-07-01,H_COMP_7,4.0,45.0,51.0,21311,139,18
AK,Alaska,Pacific,2020-07-01,H_HSP_RATING,8.0,19.0,73.0,21311,139,18
AK,Alaska,Pacific,2020-07-01,H_QUIET_HSP,9.0,32.0,59.0,21311,139,18
AK,Alaska,Pacific,2020-07-01,H_RECMND,5.0,21.0,74.0,21311,139,18
AK,Alaska,Pacific,2020-07-01,H_CLEAN_HSP,7.0,19.0,74.0,21313,175,29
AK,Alaska,Pacific,2020-07-01,H_COMP_1,4.0,18.0,78.0,21313,175,29
AK,Alaska,Pacific,2020-07-01,H_COMP_2,4.0,14.0,82.0,21313,175,29
AK,Alaska,Pacific,2020-07-01,H_COMP_3,7.0,20.0,73.0,21313,175,29
AK,Alaska,Pacific,2020-07-01,H_COMP_5,17.0,17.0,66.0,21313,175,29
AK,Alaska,Pacific,2020-07-01,H_COMP_6,11.0,0.0,89.0,21313,175,29
AK,Alaska,Pacific,2020-07-01,H_COMP_7,4.0,45.0,51.0,21313,175,29
AK,Alaska,Pacific,2020-07-01,H_HSP_RATING,8.0,19.0,73.0,21313,175,29
AK,Alaska,Pacific,2020-07-01,H_QUIET_HSP,9.0,32.0,59.0,21313,175,29
AK,Alaska,Pacific,2020-07-01,H_RECMND,5.0,21.0,74.0,21313,175,29
AK,Alaska,Pacific,2021-07-01,H_CLEAN_HSP,8.0,22.0,70.0,02013F,422,31
AK,Alaska,Pacific,2021-07-01,H_COMP_1,5.0,16.0,79.0,02013F,422,31
AK,Alaska,Pacific,2021-07-01,H_COMP_2,5.0,13.0,82.0,02013F,422,31
AK,Alaska,Pacific,2021-07-01,H_COMP_3,7.0,16.0,77.0,02013F,422,31
AK,Alaska,Pacific,2021-07-01,H_COMP_5,17.0,16.0,67.0,02013F,422,31
AK,Alaska,Pacific,2021-07-01,H_COMP_6,13.0,0.0,87.0,02013F,422,31
AK,Alaska,Pacific,2021-07-01,H_COMP_7,4.0,47.0,49.0,02013F,422,31
AK,Alaska,Pacific,2021-07-01,H_HSP_RATING,9.0,19.0,72.0,02013F,422,31
AK,Alaska,Pacific,2021-07-01,H_QUIET_HSP,8.0,30.0,62.0,02013F,422,31
AK,Alaska,Pacific,2021-07-01,H_RECMND,7.0,23.0,70.0,02013F,422,31
AK,Alaska,Pacific,2021-07-01,H_CLEAN_HSP,8.0,22.0,70.0,02014F,201,28
AK,Alaska,Pacific,2021-07-01,H_COMP_1,5.0,16.0,79.0,02014F,201,28
AK,Alaska,Pacific,2021-07-01,H_COMP_2,5.0,13.0,82.0,02014F,201,28
AK,Alaska,Pacific,2021-07-01,H_COMP_3,7.0,16.0,77.0,02014F,201,28
AK,Alaska,Pacific,2021-07-01,H_COMP_5,17.0,16.0,67.0,02014F,201,28
AK,Alaska,Pacific,2021-07-01,H_COMP_6,13.0,0.0,87.0,02014F,201,28
AK,Alaska,Pacific,2021-07-01,H_COMP_7,4.0,47.0,49.0,02014F,201,28
AK,Alaska,Pacific,2021-07-01,H_HSP_RATING,9.0,19.0,72.0,02014F,201,28
AK,Alaska,Pacific,2021-07-01,H_QUIET_HSP,8.0,30.0,62.0,02014F,201,28
AK,Alaska,Pacific,2021-07-01,H_RECMND,7.0,23.0,70.0,02014F,201,28
AK,Alaska,Pacific,2021-07-01,H_CLEAN_HSP,8.0,22.0,70.0,20001,1491,18
AK,Alaska,Pacific,2021-07-01,H_COMP_1,5.0,16.0,79.0,20001,1491,18
AK,Alaska,Pacific,2021-07-01,H_COMP_2,5.0,13.0,82.0,20001,1491,18
AK,Alaska,Pacific,2021-07-01,H_COMP_3,7.0,16.0,77.0,20001,1491,18
AK,Alaska,Pacific,2021-07-01,H_COMP_5,17.0,16.0,67.0,20001,1491,18
AK,Alaska,Pacific,2021-07-01,H_COMP_6,13.0,0.0,87.0,20001,1491,18
AK,Alaska,Pacific,2021-07-01,H_COMP_7,4.0,47.0,49.0,20001,1491,18
AK,Alaska,Pacific,2021-07-01,H_HSP_RATING,9.0,19.0,72.0,20001,1491,18
AK,Alaska,Pacific,2021-07-01,H_QUIET_HSP,8.0,30.0,62.0,20001,1491,18
AK,Alaska,Pacific,2021-07-01,H_RECMND,7.0,23.0,70.0,20001,1491,18
AK,Alaska,Pacific,2021-07-01,H_CLEAN_HSP,8.0,22.0,70.0,20006,462,14
AK,Alaska,Pacific,2021-07-01,H_COMP_1,5.0,16.0,79.0,20006,462,14
AK,Alaska,Pacific,2021-07-01,H_COMP_2,5.0,13.0,82.0,20006,462,14
AK,Alaska,Pacific,2021-07-01,H_COMP_3,7.0,16.0,77.0,20006,462,14
AK,Alaska,Pacific,2021-07-01,H_COMP_5,17.0,16.0,67.0,20006,462,14
AK,Alaska,Pacific,2021-07-01,H_COMP_6,13.0,0.0,87.0,20006,462,14
AK,Alaska,Pacific,2021-07-01,H_COMP_7,4.0,47.0,49.0,20006,462,14
AK,Alaska,Pacific,2021-07-01,H_HSP_RATING,9.0,19.0,72.0,20006,462,14
AK,Alaska,Pacific,2021-07-01,H_QUIET_HSP,8.0,30.0,62.0,20006,462,14
AK,Alaska,Pacific,2021-07-01,H_RECMND,7.0,23.0,70.0,20006,462,14
AK,Alaska,Pacific,2021-07-01,H_CLEAN_HSP,8.0,22.0,70.0,20008,263,21
AK,Alaska,Pacific,2021-07-01,H_COMP_1,5.0,16.0,79.0,20008,263,21
AK,Alaska,Pacific,2021-07-01,H_COMP_2,5.0,13.0,82.0,20008,263,21
AK,Alaska,Pacific,2021-07-01,H_COMP_3,7.0,16.0,77.0,20008,263,21
AK,Alaska,Pacific,2021-07-01,H_COMP_5,17.0,16.0,67.0,20008,263,21
AK,Alaska,Pacific,2021-07-01,H_COMP_6,13.0,0.0,87.0,20008,263,21
AK,Alaska,Pacific,2021-07-01,H_COMP_7,4.0,47.0,49.0,20008,263,21
AK,Alaska,Pacific,2021-07-01,H_HSP_RATING,9.0,19.0,72.0,20008,263,21
AK,Alaska,Pacific,2021-07-01,H_QUIET_HSP,8.0,30.0,62.0,20008,263,21
AK,Alaska,Pacific,2021-07-01,H_RECMND,7.0,23.0,70.0,20008,263,21
AK,Alaska,Pacific,2021-07-01,H_CLEAN_HSP,8.0,22.0,70.0,20012,373,16
AK,Alaska,Pacific,2021-07-01,H_COMP_1,5.0,16.0,79.0,20012,373,16
AK,Alaska,Pacific,2021-07-01,H_COMP_2,5.0,13.0,82.0,20012,373,16
AK,Alaska,Pacific,2021-07-01,H_COMP_3,7.0,16.0,77.0,20012,373,16
AK,Alaska,Pacific,2021-07-01,H_COMP_5,17.0,16.0,67.0,20012,373,16
AK,Alaska,Pacific,2021-07-01,H_COMP_6,13.0,0.0,87.0,20012,373,16
AK,Alaska,Pacific,2021-07-01,H_COMP_7,4.0,47.0,49.0,20012,373,16
AK,Alaska,Pacific,2021-07-01,H_HSP_RATING,9.0,19.0,72.0,20012,373,16
AK,Alaska,Pacific,2021-07-01,H_QUIET_HSP,8.0,30.0,62.0,20012,373,16
AK,Alaska,Pacific,2021-07-01,H_RECMND,7.0,23.0,70.0,20012,373,16
AK,Alaska,Pacific,2021-07-01,H_CLEAN_HSP,8.0,22.0,70.0,20017,1033,26
AK,Alaska,Pacific,2021-07-01,H_COMP_1,5.0,16.0,79.0,20017,1033,26
AK,Alaska,Pacific,2021-07-01,H_COMP_2,5.0,13.0,82.0,20017,1033,26
AK,Alaska,Pacific,2021-07-01,H_COMP_3,7.0,16.0,77.0,20017,1033,26
AK,Alaska,Pacific,2021-07-01,H_COMP_5,17.0,16.0,67.0,20017,1033,26
AK,Alaska,Pacific,2021-07-01,H_COMP_6,13.0,0.0,87.0,20017,1033,26
AK,Alaska,Pacific,2021-07-01,H_COMP_7,4.0,47.0,49.0,20017,1033,26
AK,Alaska,Pacific,2021-07-01,H_HSP_RATING,9.0,19.0,72.0,20017,1033,26
AK,Alaska,Pacific,2021-07-01,H_QUIET_HSP,8.0,30.0,62.0,20017,1033,26
AK,Alaska,Pacific,2021-07-01,H_RECMND,7.0,23.0,70.0,20017,1033,26
AK,Alaska,Pacific,2021-07-01,H_CLEAN_HSP,8.0,22.0,70.0,20018,255,31
AK,Alaska,Pacific,2021-07-01,H_COMP_1,5.0,16.0,79.0,20018,255,31
AK,Alaska,Pacific,2021-07-01,H_COMP_2,5.0,13.0,82.0,20018,255,31
AK,Alaska,Pacific,2021-07-01,H_COMP_3,7.0,16.0,77.0,20018,255,31
AK,Alaska,Pacific,2021-07-01,H_COMP_5,17.0,16.0,67.0,20018,255,31
AK,Alaska,Pacific,2021-07-01,H_COMP_6,13.0,0.0,87.0,20018,255,31
AK,Alaska,Pacific,2021-07-01,H_COMP_7,4.0,47.0,49.0,20018,255,31
AK,Alaska,Pacific,2021-07-01,H_HSP_RATING,9.0,19.0,72.0,20018,255,31
AK,Alaska,Pacific,2021-07-01,H_QUIET_HSP,8.0,30.0,62.0,20018,255,31
AK,Alaska,Pacific,2021-07-01,H_RECMND,7.0,23.0,70.0,20018,255,31
AK,Alaska,Pacific,2021-07-01,H_CLEAN_HSP,8.0,22.0,70.0,20024,374,19
AK,Alaska,Pacific,2021-07-01,H_COMP_1,5.0,16.0,79.0,20024,374,19
AK,Alaska,Pacific,2021-07-01,H_COMP_2,5.0,13.0,82.0,20024,374,19
AK,Alaska,Pacific,2021-07-01,H_COMP_3,7.0,16.0,77.0,20024,374,19
AK,Alaska,Pacific,2021-07-01,H_COMP_5,17.0,16.0,67.0,20024,374,19
AK,Alaska,Pacific,2021-07-01,H_COMP_6,13.0,0.0,87.0,20024,374,19
AK,Alaska,Pacific,2021-07-01,H_COMP_7,4.0,47.0,49.0,20024,374,19
AK,Alaska,Pacific,2021-07-01,H_HSP_RATING,9.0,19.0,72.0,20024,374,19
AK,Alaska,Pacific,2021-07-01,H_QUIET_HSP,8.0,30.0,62.0,20024,374,19
AK,Alaska,Pacific,2021-07-01,H_RECMND,7.0,23.0,70.0,20024,374,19
AK,Alaska,Pacific,2021-07-01,H_CLEAN_HSP,8.0,22.0,70.0,20026,729,12
AK,Alaska,Pacific,2021-07-01,H_COMP_1,5.0,16.0,79.0,20026,729,12
AK,Alaska,Pacific,2021-07-01,H_COMP_2,5.0,13.0,82.0,20026,729,12
AK,Alaska,Pacific,2021-07-01,H_COMP_3,7.0,16.0,77.0,20026,729,12
AK,Alaska,Pacific,2021-07-01,H_COMP_5,17.0,16.0,67.0,20026,729,12
AK,Alaska,Pacific,2021-07-01,H_COMP_6,13.0,0.0,87.0,20026,729,12
AK,Alaska,Pacific,2021-07-01,H_COMP_7,4.0,47.0,49.0,20026,729,12
AK,Alaska,Pacific,2021-07-01,H_HSP_RATING,9.0,19.0,72.0,20026,729,12
AK,Alaska,Pacific,2021-07-01,H_QUIET_HSP,8.0,30.0,62.0,20026,729,12
AK,Alaska,Pacific,2021-07-01,H_RECMND,7.0,23.0,70.0,20026,729,12
AK,Alaska,Pacific,2021-07-01,H_CLEAN_HSP,8.0,22.0,70.0,21306,51,17
AK,Alaska,Pacific,2021-07-01,H_COMP_1,5.0,16.0,79.0,21306,51,17
AK,Alaska,Pacific,2021-07-01,H_COMP_2,5.0,13.0,82.0,21306,51,17
AK,Alaska,Pacific,2021-07-01,H_COMP_3,7.0,16.0,77.0,21306,51,17
AK,Alaska,Pacific,2021-07-01,H_COMP_5,17.0,16.0,67.0,21306,51,17
AK,Alaska,Pacific,2021-07-01,H_COMP_6,13.0,0.0,87.0,21306,51,17
AK,Alaska,Pacific,2021-07-01,H_COMP_7,4.0,47.0,49.0,21306,51,17
AK,Alaska,Pacific,2021-07-01,H_HSP_RATING,9.0,19.0,72.0,21306,51,17
AK,Alaska,Pacific,2021-07-01,H_QUIET_HSP,8.0,30.0,62.0,21306,51,17
AK,Alaska,Pacific,2021-07-01,H_RECMND,7.0,23.0,70.0,21306,51,17
AK,Alaska,Pacific,2021-07-01,H_CLEAN_HSP,8.0,22.0,70.0,21308,31,6
AK,Alaska,Pacific,2021-07-01,H_COMP_1,5.0,16.0,79.0,21308,31,6
AK,Alaska,Pacific,2021-07-01,H_COMP_2,5.0,13.0,82.0,21308,31,6
AK,Alaska,Pacific,2021-07-01,H_COMP_3,7.0,16.0,77.0,21308,31,6
AK,Alaska,Pacific,2021-07-01,H_COMP_5,17.0,16.0,67.0,21308,31,6
AK,Alaska,Pacific,2021-07-01,H_COMP_6,13.0,0.0,87.0,21308,31,6
AK,Alaska,Pacific,2021-07-01,H_COMP_7,4.0,47.0,49.0,21308,31,6
AK,Alaska,Pacific,2021-07-01,H_HSP_RATING,9.0,19.0,72.0,21308,31,6
AK,Alaska,Pacific,2021-07-01,H_QUIET_HSP,8.0,30.0,62.0,21308,31,6
AK,Alaska,Pacific,2021-07-01,H_RECMND,7.0,23.0,70.0,21308,31,6
AK,Alaska,Pacific,2021-07-01,H_CLEAN_HSP,8.0,22.0,70.0,21311,128,16
AK,Alaska,Pacific,2021-07-01,H_COMP_1,5.0,16.0,79.0,21311,128,16
AK,Alaska,Pacific,2021-07-01,H_COMP_2,5.0,13.0,82.0,21311,128,16
AK,Alaska,Pacific,2021-07-01,H_COMP_3,7.0,16.0,77.0,21311,128,16
AK,Alaska,Pacific,2021-07-01,H_COMP_5,17.0,16.0,67.0,21311,128,16
AK,Alaska,Pacific,2021-07-01,H_COMP_6,13.0,0.0,87.0,21311,128,16
AK,Alaska,Pacific,2021-07-01,H_COMP_7,4.0,47.0,49.0,21311,128,16
AK,Alaska,Pacific,2021-07-01,H_HSP_RATING,9.0,19.0,72.0,21311,128,16
AK,Alaska,Pacific,2021-07-01,H_QUIET_HSP,8.0,30.0,62.0,21311,128,16
AK,Alaska,Pacific,2021-07-01,H_RECMND,7.0,23.0,70.0,21311,128,16
AK,Alaska,Pacific,2021-07-01,H_CLEAN_HSP,8.0,22.0,70.0,21313,145,24
AK,Alaska,Pacific,2021-07-01,H_COMP_1,5.0,16.0,79.0,21313,145,24
AK,Alaska,Pacific,2021-07-01,H_COMP_2,5.0,13.0,82.0,21313,145,24
AK,Alaska,Pacific,2021-07-01,H_COMP_3,7.0,16.0,77.0,21313,145,24
AK,Alaska,Pacific,2021-07-01,H_COMP_5,17.0,16.0,67.0,21313,145,24
AK,Alaska,Pacific,2021-07-01,H_COMP_6,13.0,0.0,87.0,21313,145,24
AK,Alaska,Pacific,2021-07-01,H_COMP_7,4.0,47.0,49.0,21313,145,24
AK,Alaska,Pacific,2021-07-01,H_HSP_RATING,9.0,19.0,72.0,21313,145,24
AK,Alaska,Pacific,2021-07-01,H_QUIET_HSP,8.0,30.0,62.0,21313,145,24
AK,Alaska,Pacific,2021-07-01,H_RECMND,7.0,23.0,70.0,21313,145,24
AK,Alaska,Pacific,2022-07-01,H_CLEAN_HSP,9.0,20.0,71.0,02013F,269,36
AK,Alaska,Pacific,2022-07-01,H_COMP_1,4.0,18.0,78.0,02013F,269,36
AK,Alaska,Pacific,2022-07-01,H_COMP_2,4.0,17.0,79.0,02013F,269,36
AK,Alaska,Pacific,2022-07-01,H_COMP_3,10.0,25.0,65.0,02013F,269,36
AK,Alaska,Pacific,2022-07-01,H_COMP_5,17.0,19.0,64.0,02013F,269,36
AK,Alaska,Pacific,2022-07-01,H_COMP_6,12.0,0.0,88.0,02013F,269,36
AK,Alaska,Pacific,2022-07-01,H_COMP_7,5.0,45.0,50.0,02013F,269,36
AK,Alaska,Pacific,2022-07-01,H_HSP_RATING,7.0,25.0,68.0,02013F,269,36
AK,Alaska,Pacific,2022-07-01,H_QUIET_HSP,11.0,28.0,61.0,02013F,269,36
AK,Alaska,Pacific,2022-07-01,H_RECMND,4.0,27.0,69.0,02013F,269,36
AK,Alaska,Pacific,2022-07-01,H_CLEAN_HSP,9.0,20.0,71.0,02014F,178,33
AK,Alaska,Pacific,2022-07-01,H_COMP_1,4.0,18.0,78.0,02014F,178,33
AK,Alaska,Pacific,2022-07-01,H_COMP_2,4.0,17.0,79.0,02014F,178,33
AK,Alaska,Pacific,2022-07-01,H_COMP_3,10.0,25.0,65.0,02014F,178,33
AK,Alaska,Pacific,2022-07-01,H_COMP_5,17.0,19.0,64.0,02014F,178,33
AK,Alaska,Pacific,2022-07-01,H_COMP_6,12.0,0.0,88.0,02014F,178,33
AK,Alaska,Pacific,2022-07-01,H_COMP_7,5.0,45.0,50.0,02014F,178,33
AK,Alaska,Pacific,2022-07-01,H_HSP_RATING,7.0,25.0,68.0,02014F,178,33
AK,Alaska,Pacific,2022-07-01,H_QUIET_HSP,11.0,28.0,61.0,02014F,178,33
AK,Alaska,Pacific,2022-07-01,H_RECMND,4.0,27.0,69.0,02014F,178,33
AK,Alaska,Pacific,2022-07-01,H_CLEAN_HSP,9.0,20.0,71.0,20001,886,17
AK,Alaska,Pacific,2022-07-01,H_COMP_1,4.0,18.0,78.0,20001,886,17
AK,Alaska,Pacific,2022-07-01,H_COMP_2,4.0,17.0,79.0,20001,886,17
AK,Alaska,Pacific,2022-07-01,H_COMP_3,10.0,25.0,65.0,20001,886,17
AK,Alaska,Pacific,2022-07-01,H_COMP_5,17.0,19.0,64.0,20001,886,17
AK,Alaska,Pacific,2022-07-01,H_COMP_6,12.0,0.0,88.0,20001,886,17
AK,Alaska,Pacific,2022-07-01,H_COMP_7,5.0,45.0,50.0,20001,886,17
AK,Alaska,Pacific,2022-07-01,H_HSP_RATING,7.0,25.0,68.0,20001,886,17
AK,Alaska,Pacific,2022-07-01,H_QUIET_HSP,11.0,28.0,61.0,20001,886,17
AK,Alaska,Pacific,2022-07-01,H_RECMND,4.0,27.0,69.0,20001,886,17
AK,Alaska,Pacific,2022-07-01,H_CLEAN_HSP,9.0,20.0,71.0,20006,512,15
AK,Alaska,Pacific,2022-07-01,H_COMP_1,4.0,18.0,78.0,20006,512,15
AK,Alaska,Pacific,2022-07-01,H_COMP_2,4.0,17.0,79.0,20006,512,15
AK,Alaska,Pacific,2022-07-01,H_COMP_3,10.0,25.0,65.0,20006,512,15
AK,Alaska,Pacific,2022-07-01,H_COMP_5,17.0,19.0,64.0,20006,512,15
AK,Alaska,Pacific,2022-07-01,H_COMP_6,12.0,0.0,88.0,20006,512,15
AK,Alaska,Pacific,2022-07-01,H_COMP_7,5.0,45.0,50.0,20006,512,15
AK,Alaska,Pacific,2022-07-01,H_HSP_RATING,7.0,25.0,68.0,20006,512,15
AK,Alaska,Pacific,2022-07-01,H_QUIET_HSP,11.0,28.0,61.0,20006,512,15
AK,Alaska,Pacific,2022-07-01,H_RECMND,4.0,27.0,69.0,20006,512,15
AK,Alaska,Pacific,2022-07-01,H_CLEAN_HSP,9.0,20.0,71.0,20008,153,16
AK,Alaska,Pacific,2022-07-01,H_COMP_1,4.0,18.0,78.0,20008,153,16
AK,Alaska,Pacific,2022-07-01,H_COMP_2,4.0,17.0,79.0,20008,153,16
AK,Alaska,Pacific,2022-07-01,H_COMP_3,10.0,25.0,65.0,20008,153,16
AK,Alaska,Pacific,2022-07-01,H_COMP_5,17.0,19.0,64.0,20008,153,16
AK,Alaska,Pacific,2022-07-01,H_COMP_6,12.0,0.0,88.0,20008,153,16
AK,Alaska,Pacific,2022-07-01,H_COMP_7,5.0,45.0,50.0,20008,153,16
AK,Alaska,Pacific,2022-07-01,H_HSP_RATING,7.0,25.0,68.0,20008,153,16
AK,Alaska,Pacific,2022-07-01,H_QUIET_HSP,11.0,28.0,61.0,20008,153,16
AK,Alaska,Pacific,2022-07-01,H_RECMND,4.0,27.0,69.0,20008,153,16
AK,Alaska,Pacific,2022-07-01,H_CLEAN_HSP,9.0,20.0,71.0,20012,453,17
AK,Alaska,Pacific,2022-07-01,H_COMP_1,4.0,18.0,78.0,20012,453,17
AK,Alaska,Pacific,2022-07-01,H_COMP_2,4.0,17.0,79.0,20012,453,17
AK,Alaska,Pacific,2022-07-01,H_COMP_3,10.0,25.0,65.0,20012,453,17
AK,Alaska,Pacific,2022-07-01,H_COMP_5,17.0,19.0,64.0,20012,453,17
AK,Alaska,Pacific,2022-07-01,H_COMP_6,12.0,0.0,88.0,20012,453,17
AK,Alaska,Pacific,2022-07-01,H_COMP_7,5.0,45.0,50.0,20012,453,17
AK,Alaska,Pacific,2022-07-01,H_HSP_RATING,7.0,25.0,68.0,20012,453,17
AK,Alaska,Pacific,2022-07-01,H_QUIET_HSP,11.0,28.0,61.0,20012,453,17
AK,Alaska,Pacific,2022-07-01,H_RECMND,4.0,27.0,69.0,20012,453,17
AK,Alaska,Pacific,2022-07-01,H_CLEAN_HSP,9.0,20.0,71.0,20017,451,20
AK,Alaska,Pacific,2022-07-01,H_COMP_1,4.0,18.0,78.0,20017,451,20
AK,Alaska,Pacific,2022-07-01,H_COMP_2,4.0,17.0,79.0,20017,451,20
AK,Alaska,Pacific,2022-07-01,H_COMP_3,10.0,25.0,65.0,20017,451,20
AK,Alaska,Pacific,2022-07-01,H_COMP_5,17.0,19.0,64.0,20017,451,20
AK,Alaska,Pacific,2022-07-01,H_COMP_6,12.0,0.0,88.0,20017,451,20
AK,Alaska,Pacific,2022-07-01,H_COMP_7,5.0,45.0,50.0,20017,451,20
AK,Alaska,Pacific,2022-07-01,H_HSP_RATING,7.0,25.0,68.0,20017,451,20
AK,Alaska,Pacific,2022-07-01,H_QUIET_HSP,11.0,28.0,61.0,20017,451,20
AK,Alaska,Pacific,2022-07-01,H_RECMND,4.0,27.0,69.0,20017,451,20
AK,Alaska,Pacific,2022-07-01,H_CLEAN_HSP,9.0,20.0,71.0,20018,151,28
AK,Alaska,Pacific,2022-07-01,H_COMP_1,4.0,18.0,78.0,20018,151,28
AK,Alaska,Pacific,2022-07-01,H_COMP_2,4.0,17.0,79.0,20018,151,28
AK,Alaska,Pacific,2022-07-01,H_COMP_3,10.0,25.0,65.0,20018,151,28
AK,Alaska,Pacific,2022-07-01,H_COMP_5,17.0,19.0,64.0,20018,151,28
AK,Alaska,Pacific,2022-07-01,H_COMP_6,12.0,0.0,88.0,20018,151,28
AK,Alaska,Pacific,2022-07-01,H_COMP_7,5.0,45.0,50.0,20018,151,28
AK,Alaska,Pacific,2022-07-01,H_HSP_RATING,7.0,25.0,68.0,20018,151,28
AK,Alaska,Pacific,2022-07-01,H_QUIET_HSP,11.0,28.0,61.0,20018,151,28
AK,Alaska,Pacific,2022-07-01,H_RECMND,4.0,27.0,69.0,20018,151,28
AK,Alaska,Pacific,2022-07-01,H_CLEAN_HSP,9.0,20.0,71.0,20024,370,18
AK,Alaska,Pacific,2022-07-01,H_COMP_1,4.0,18.0,78.0,20024,370,18
AK,Alaska,Pacific,2022-07-01,H_COMP_2,4.0,17.0,79.0,20024,370,18
AK,Alaska,Pacific,2022-07-01,H_COMP_3,10.0,25.0,65.0,20024,370,18
AK,Alaska,Pacific,2022-07-01,H_COMP_5,17.0,19.0,64.0,20024,370,18
AK,Alaska,Pacific,2022-07-01,H_COMP_6,12.0,0.0,88.0,20024,370,18
AK,Alaska,Pacific,2022-07-01,H_COMP_7,5.0,45.0,50.0,20024,370,18
AK,Alaska,Pacific,2022-07-01,H_HSP_RATING,7.0,25.0,68.0,20024,370,18
AK,Alaska,Pacific,2022-07-01,H_QUIET_HSP,11.0,28.0,61.0,20024,370,18
AK,Alaska,Pacific,2022-07-01,H_RECMND,4.0,27.0,69.0,20024,370,18
AK,Alaska,Pacific,2022-07-01,H_CLEAN_HSP,9.0,20.0,71.0,20026,602,10
AK,Alaska,Pacific,2022-07-01,H_COMP_1,4.0,18.0,78.0,20026,602,10
AK,Alaska,Pacific,2022-07-01,H_COMP_2,4.0,17.0,79.0,20026,602,10
AK,Alaska,Pacific,2022-07-01,H_COMP_3,10.0,25.0,65.0,20026,602,10
AK,Alaska,Pacific,2022-07-01,H_COMP_5,17.0,19.0,64.0,20026,602,10
AK,Alaska,Pacific,2022-07-01,H_COMP_6,12.0,0.0,88.0,20026,602,10
AK,Alaska,Pacific,2022-07-01,H_COMP_7,5.0,45.0,50.0,20026,602,10
AK,Alaska,Pacific,2022-07-01,H_HSP_RATING,7.0,25.0,68.0,20026,602,10
AK,Alaska,Pacific,2022-07-01,H_QUIET_HSP,11.0,28.0,61.0,20026,602,10
AK,Alaska,Pacific,2022-07-01,H_RECMND,4.0,27.0,69.0,20026,602,10
AK,Alaska,Pacific,2022-07-01,H_CLEAN_HSP,9.0,20.0,71.0,21306,60,16
AK,Alaska,Pacific,2022-07-01,H_COMP_1,4.0,18.0,78.0,21306,60,16
AK,Alaska,Pacific,2022-07-01,H_COMP_2,4.0,17.0,79.0,21306,60,16
AK,Alaska,Pacific,2022-07-01,H_COMP_3,10.0,25.0,65.0,21306,60,16
AK,Alaska,Pacific,2022-07-01,H_COMP_5,17.0,19.0,64.0,21306,60,16
AK,Alaska,Pacific,2022-07-01,H_COMP_6,12.0,0.0,88.0,21306,60,16
AK,Alaska,Pacific,2022-07-01,H_COMP_7,5.0,45.0,50.0,21306,60,16
AK,Alaska,Pacific,2022-07-01,H_HSP_RATING,7.0,25.0,68.0,21306,60,16
AK,Alaska,Pacific,2022-07-01,H_QUIET_HSP,11.0,28.0,61.0,21306,60,16
AK,Alaska,Pacific,2022-07-01,H_RECMND,4.0,27.0,69.0,21306,60,16
AK,Alaska,Pacific,2022-07-01,H_CLEAN_HSP,9.0,20.0,71.0,21311,65,10
AK,Alaska,Pacific,2022-07-01,H_COMP_1,4.0,18.0,78.0,21311,65,10
AK,Alaska,Pacific,2022-07-01,H_COMP_2,4.0,17.0,79.0,21311,65,10
AK,Alaska,Pacific,2022-07-01,H_COMP_3,10.0,25.0,65.0,21311,65,10
AK,Alaska,Pacific,2022-07-01,H_COMP_5,17.0,19.0,64.0,21311,65,10
AK,Alaska,Pacific,2022-07-01,H_COMP_6,12.0,0.0,88.0,21311,65,10
AK,Alaska,Pacific,2022-07-01,H_COMP_7,5.0,45.0,50.0,21311,65,10
AK,Alaska,Pacific,2022-07-01,H_HSP_RATING,7.0,25.0,68.0,21311,65,10
AK,Alaska,Pacific,2022-07-01,H_QUIET_HSP,11.0,28.0,61.0,21311,65,10
AK,Alaska,Pacific,2022-07-01,H_RECMND,4.0,27.0,69.0,21311,65,10
AK,Alaska,Pacific,2022-07-01,H_CLEAN_HSP,9.0,20.0,71.0,21313,126,20
AK,Alaska,Pacific,2022-07-01,H_COMP_1,4.0,18.0,78.0,21313,126,20
AK,Alaska,Pacific,2022-07-01,H_COMP_2,4.0,17.0,79.0,21313,126,20
AK,Alaska,Pacific,2022-07-01,H_COMP_3,10.0,25.0,65.0,21313,126,20
AK,Alaska,Pacific,2022-07-01,H_COMP_5,17.0,19.0,64.0,21313,126,20
AK,Alaska,Pacific,2022-07-01,H_COMP_6,12.0,0.0,88.0,21313,126,20
AK,Alaska,Pacific,2022-07-01,H_COMP_7,5.0,45.0,50.0,21313,126,20
AK,Alaska,Pacific,2022-07-01,H_HSP_RATING,7.0,25.0,68.0,21313,126,20
AK,Alaska,Pacific,2022-07-01,H_QUIET_HSP,11.0,28.0,61.0,21313,126,20
AK,Alaska,Pacific,2022-07-01,H_RECMND,4.0,27.0,69.0,21313,126,20
AK,Alaska,Pacific,2023-07-01,H_CLEAN_HSP,7.0,17.0,76.0,02013F,213,29
AK,Alaska,Pacific,2023-07-01,H_COMP_1,3.0,17.0,80.0,02013F,213,29
AK,Alaska,Pacific,2023-07-01,H_COMP_2,4.0,15.0,81.0,02013F,213,29
AK,Alaska,Pacific,2023-07-01,H_COMP_3,9.0,25.0,66.0,02013F,213,29
AK,Alaska,Pacific,2023-07-01,H_COMP_5,16.0,21.0,63.0,02013F,213,29
AK,Alaska,Pacific,2023-07-01,H_COMP_6,14.0,0.0,86.0,02013F,213,29
AK,Alaska,Pacific,2023-07-01,H_COMP_7,5.0,46.0,49.0,02013F,213,29
AK,Alaska,Pacific,2023-07-01,H_HSP_RATING,7.0,22.0,71.0,02013F,213,29
AK,Alaska,Pacific,2023-07-01,H_QUIET_HSP,11.0,30.0,59.0,02013F,213,29
AK,Alaska,Pacific,2023-07-01,H_RECMND,3.0,24.0,73.0,02013F,213,29
AK,Alaska,Pacific,2023-07-01,H_CLEAN_HSP,7.0,17.0,76.0,02014F,137,27
AK,Alaska,Pacific,2023-07-01,H_COMP_1,3.0,17.0,80.0,02014F,137,27
AK,Alaska,Pacific,2023-07-01,H_COMP_2,4.0,15.0,81.0,02014F,137,27
AK,Alaska,Pacific,2023-07-01,H_COMP_3,9.0,25.0,66.0,02014F,137,27
AK,Alaska,Pacific,2023-07-01,H_COMP_5,16.0,21.0,63.0,02014F,137,27
AK,Alaska,Pacific,2023-07-01,H_COMP_6,14.0,0.0,86.0,02014F,137,27
AK,Alaska,Pacific,2023-07-01,H_COMP_7,5.0,46.0,49.0,02014F,137,27
AK,Alaska,Pacific,2023-07-01,H_HSP_RATING,7.0,22.0,71.0,02014F,137,27
AK,Alaska,Pacific,2023-07-01,H_QUIET_HSP,11.0,30.0,59.0,02014F,137,27
AK,Alaska,Pacific,2023-07-01,H_RECMND,3.0,24.0,73.0,02014F,137,27
AK,Alaska,Pacific,2023-07-01,H_CLEAN_HSP,7.0,17.0,76.0,20001,295,14
AK,Alaska,Pacific,2023-07-01,H_COMP_1,3.0,17.0,80.0,20001,295,14
AK,Alaska,Pacific,2023-07-01,H_COMP_2,4.0,15.0,81.0,20001,295,14
AK,Alaska,Pacific,2023-07-01,H_COMP_3,9.0,25.0,66.0,20001,295,14
AK,Alaska,Pacific,2023-07-01,H_COMP_5,16.0,21.0,63.0,20001,295,14
AK,Alaska,Pacific,2023-07-01,H_COMP_6,14.0,0.0,86.0,20001,295,14
AK,Alaska,Pacific,2023-07-01,H_COMP_7,5.0,46.0,49.0,20001,295,14
AK,Alaska,Pacific,2023-07-01,H_HSP_RATING,7.0,22.0,71.0,20001,295,14
AK,Alaska,Pacific,2023-07-01,H_QUIET_HSP,11.0,30.0,59.0,20001,295,14
AK,Alaska,Pacific,2023-07-01,H_RECMND,3.0,24.0,73.0,20001,295,14
AK,Alaska,Pacific,2023-07-01,H_CLEAN_HSP,7.0,17.0,76.0,20006,585,16
AK,Alaska,Pacific,2023-07-01,H_COMP_1,3.0,17.0,80.0,20006,585,16
AK,Alaska,Pacific,2023-07-01,H_COMP_2,4.0,15.0,81.0,20006,585,16
AK,Alaska,Pacific,2023-07-01,H_COMP_3,9.0,25.0,66.0,20006,585,16
AK,Alaska,Pacific,2023-07-01,H_COMP_5,16.0,21.0,63.0,20006,585,16
AK,Alaska,Pacific,2023-07-01,H_COMP_6,14.0,0.0,86.0,20006,585,16
AK,Alaska,Pacific,2023-07-01,H_COMP_7,5.0,46.0,49.0,20006,585,16
AK,Alaska,Pacific,2023-07-01,H_HSP_RATING,7.0,22.0,71.0,20006,585,16
AK,Alaska,Pacific,2023-07-01,H_QUIET_HSP,11.0,30.0,59.0,20006,585,16
AK,Alaska,Pacific,2023-07-01,H_RECMND,3.0,24.0,73.0,20006,585,16
AK,Alaska,Pacific,2023-07-01,H_CLEAN_HSP,7.0,17.0,76.0,20008,147,17
AK,Alaska,Pacific,2023-07-01,H_COMP_1,3.0,17.0,80.0,20008,147,17
AK,Alaska,Pacific,2023-07-01,H_COMP_2,4.0,15.0,81.0,20008,147,17
AK,Alaska,Pacific,2023-07-01,H_COMP_3,9.0,25.0,66.0,20008,147,17
AK,Alaska,Pacific,2023-07-01,H_COMP_5,16.0,21.0,63.0,20008,147,17
AK,Alaska,Pacific,2023-07-01,H_COMP_6,14.0,0.0,86.0,20008,147,17
AK,Alaska,Pacific,2023-07-01,H_COMP_7,5.0,46.0,49.0,20008,147,17
AK,Alaska,Pacific,2023-07-01,H_HSP_RATING,7.0,22.0,71.0,20008,147,17
AK,Alaska,Pacific,2023-07-01,H_QUIET_HSP,11.0,30.0,59.0,20008,147,17
AK,Alaska,Pacific,2023-07-01,H_RECMND,3.0,24.0,73.0,20008,147,17
AK,Alaska,Pacific,2023-07-01,H_CLEAN_HSP,7.0,17.0,76.0,20012,377,14
AK,Alaska,Pacific,2023-07-01,H_COMP_1,3.0,17.0,80.0,20012,377,14
AK,Alaska,Pacific,2023-07-01,H_COMP_2,4.0,15.0,81.0,20012,377,14
AK,Alaska,Pacific,2023-07-01,H_COMP_3,9.0,25.0,66.0,20012,377,14
AK,Alaska,Pacific,2023-07-01,H_COMP_5,16.0,21.0,63.0,20012,377,14
AK,Alaska,Pacific,2023-07-01,H_COMP_6,14.0,0.0,86.0,20012,377,14
AK,Alaska,Pacific,2023-07-01,H_COMP_7,5.0,46.0,49.0,20012,377,14
AK,Alaska,Pacific,2023-07-01,H_HSP_RATING,7.0,22.0,71.0,20012,377,14
AK,Alaska,Pacific,2023-07-01,H_QUIET_HSP,11.0,30.0,59.0,20012,377,14
AK,Alaska,Pacific,2023-07-01,H_RECMND,3.0,24.0,73.0,20012,377,14
AK,Alaska,Pacific,2023-07-01,H_CLEAN_HSP,7.0,17.0,76.0,20017,385,19
AK,Alaska,Pacific,2023-07-01,H_COMP_1,3.0,17.0,80.0,20017,385,19
AK,Alaska,Pacific,2023-07-01,H_COMP_2,4.0,15.0,81.0,20017,385,19
AK,Alaska,Pacific,2023-07-01,H_COMP_3,9.0,25.0,66.0,20017,385,19
AK,Alaska,Pacific,2023-07-01,H_COMP_5,16.0,21.0,63.0,20017,385,19
AK,Alaska,Pacific,2023-07-01,H_COMP_6,14.0,0.0,86.0,20017,385,19
AK,Alaska,Pacific,2023-07-01,H_COMP_7,5.0,46.0,49.0,20017,385,19
AK,Alaska,Pacific,2023-07-01,H_HSP_RATING,7.0,22.0,71.0,20017,385,19
AK,Alaska,Pacific,2023-07-01,H_QUIET_HSP,11.0,30.0,59.0,20017,385,19
AK,Alaska,Pacific,2023-07-01,H_RECMND,3.0,24.0,73.0,20017,385,19
AK,Alaska,Pacific,2023-07-01,H_CLEAN_HSP,7.0,17.0,76.0,20018,176,29
AK,Alaska,Pacific,2023-07-01,H_COMP_1,3.0,17.0,80.0,20018,176,29
AK,Alaska,Pacific,2023-07-01,H_COMP_2,4.0,15.0,81.0,20018,176,29
AK,Alaska,Pacific,2023-07-01,H_COMP_3,9.0,25.0,66.0,20018,176,29
AK,Alaska,Pacific,2023-07-01,H_COMP_5,16.0,21.0,63.0,20018,176,29
AK,Alaska,Pacific,2023-07-01,H_COMP_6,14.0,0.0,86.0,20018,176,29
AK,Alaska,Pacific,2023-07-01,H_COMP_7,5.0,46.0,49.0,20018,176,29
AK,Alaska,Pacific,2023-07-01,H_HSP_RATING,7.0,22.0,71.0,20018,176,29
AK,Alaska,Pacific,2023-07-01,H_QUIET_HSP,11.0,30.0,59.0,20018,176,29
AK,Alaska,Pacific,2023-07-01,H_RECMND,3.0,24.0,73.0,20018,176,29
AK,Alaska,Pacific,2023-07-01,H_CLEAN_HSP,7.0,17.0,76.0,20024,386,19
AK,Alaska,Pacific,2023-07-01,H_COMP_1,3.0,17.0,80.0,20024,386,19
AK,Alaska,Pacific,2023-07-01,H_COMP_2,4.0,15.0,81.0,20024,386,19
AK,Alaska,Pacific,2023-07-01,H_COMP_3,9.0,25.0,66.0,20024,386,19
AK,Alaska,Pacific,2023-07-01,H_COMP_5,16.0,21.0,63.0,20024,386,19
AK,Alaska,Pacific,2023-07-01,H_COMP_6,14.0,0.0,86.0,20024,386,19
AK,Alaska,Pacific,2023-07-01,H_COMP_7,5.0,46.0,49.0,20024,386,19
AK,Alaska,Pacific,2023-07-01,H_HSP_RATING,7.0,22.0,71.0,20024,386,19
AK,Alaska,Pacific,2023-07-01,H_QUIET_HSP,11.0,30.0,59.0,20024,386,19
AK,Alaska,Pacific,2023-07-01,H_RECMND,3.0,24.0,73.0,20024,386,19
AK,Alaska,Pacific,2023-07-01,H_CLEAN_HSP,7.0,17.0,76.0,20026,623,11
AK,Alaska,Pacific,2023-07-01,H_COMP_1,3.0,17.0,80.0,20026,623,11
AK,Alaska,Pacific,2023-07-01,H_COMP_2,4.0,15.0,81.0,20026,623,11
AK,Alaska,Pacific,2023-07-01,H_COMP_3,9.0,25.0,66.0,20026,623,11
AK,Alaska,Pacific,2023-07-01,H_COMP_5,16.0,21.0,63.0,20026,623,11
AK,Alaska,Pacific,2023-07-01,H_COMP_6,14.0,0.0,86.0,20026,623,11
AK,Alaska,Pacific,2023-07-01,H_COMP_7,5.0,46.0,49.0,20026,623,11
AK,Alaska,Pacific,2023-07-01,H_HSP_RATING,7.0,22.0,71.0,20026,623,11
AK,Alaska,Pacific,2023-07-01,H_QUIET_HSP,11.0,30.0,59.0,20026,623,11
AK,Alaska,Pacific,2023-07-01,H_RECMND,3.0,24.0,73.0,20026,623,11
AK,Alaska,Pacific,2023-07-01,H_CLEAN_HSP,7.0,17.0,76.0,21306,55,16
AK,Alaska,Pacific,2023-07-01,H_COMP_1,3.0,17.0,80.0,21306,55,16
AK,Alaska,Pacific,2023-07-01,H_COMP_2,4.0,15.0,81.0,21306,55,16
AK,Alaska,Pacific,2023-07-01,H_COMP_3,9.0,25.0,66.0,21306,55,16
AK,Alaska,Pacific,2023-07-01,H_COMP_5,16.0,21.0,63.0,21306,55,16
AK,Alaska,Pacific,2023-07-01,H_COMP_6,14.0,0.0,86.0,21306,55,16
AK,Alaska,Pacific,2023-07-01,H_COMP_7,5.0,46.0,49.0,21306,55,16
AK,Alaska,Pacific,2023-07-01,H_HSP_RATING,7.0,22.0,71.0,21306,55,16
AK,Alaska,Pacific,2023-07-01,H_QUIET_HSP,11.0,30.0,59.0,21306,55,16
AK,Alaska,Pacific,2023-07-01,H_RECMND,3.0,24.0,73.0,21306,55,16
AK,Alaska,Pacific,2023-07-01,H_CLEAN_HSP,7.0,17.0,76.0,21311,100,14
AK,Alaska,Pacific,2023-07-01,H_COMP_1,3.0,17.0,80.0,21311,100,14
AK,Alaska,Pacific,2023-07-01,H_COMP_2,4.0,15.0,81.0,21311,100,14
AK,Alaska,Pacific,2023-07-01,H_COMP_3,9.0,25.0,66.0,21311,100,14
AK,Alaska,Pacific,2023-07-01,H_COMP_5,16.0,21.0,63.0,21311,100,14
AK,Alaska,Pacific,2023-07-01,H_COMP_6,14.0,0.0,86.0,21311,100,14
AK,Alaska,Pacific,2023-07-01,H_COMP_7,5.0,46.0,49.0,21311,100,14
AK,Alaska,Pacific,2023-07-01,H_HSP_RATING,7.0,22.0,71.0,21311,100,14
AK,Alaska,Pacific,2023-07-01,H_QUIET_HSP,11.0,30.0,59.0,21311,100,14
AK,Alaska,Pacific,2023-07-01,H_RECMND,3.0,24.0,73.0,21311,100,14
AK,Alaska,Pacific,2023-07-01,H_CLEAN_HSP,7.0,17.0,76.0,21313,121,19
AK,Alaska,Pacific,2023-07-01,H_COMP_1,3.0,17.0,80.0,21313,121,19
AK,Alaska,Pacific,2023-07-01,H_COMP_2,4.0,15.0,81.0,21313,121,19
AK,Alaska,Pacific,2023-07-01,H_COMP_3,9.0,25.0,66.0,21313,121,19
AK,Alaska,Pacific,2023-07-01,H_COMP_5,16.0,21.0,63.0,21313,121,19
AK,Alaska,Pacific,2023-07-01,H_COMP_6,14.0,0.0,86.0,21313,121,19
AK,Alaska,Pacific,2023-07-01,H_COMP_7,5.0,46.0,49.0,21313,121,19
AK,Alaska,Pacific,2023-07-01,H_HSP_RATING,7.0,22.0,71.0,21313,121,19
AK,Alaska,Pacific,2023-07-01,H_QUIET_HSP,11.0,30.0,59.0,21313,121,19
AK,Alaska,Pacific,2023-07-01,H_RECMND,3.0,24.0,73.0,21313,121,19
